cluster,country,year,avg_happiness_score
1,Switzerland,2015,6.939159999999999
1,Iceland,2015,6.939159999999999
1,Denmark,2015,6.939159999999999
1,Norway,2015,6.939159999999999
1,Canada,2015,6.939159999999999
1,Finland,2015,6.939159999999999
1,Netherlands,2015,6.939159999999999
1,Sweden,2015,6.939159999999999
1,New Zealand,2015,6.939159999999999
1,Australia,2015,6.939159999999999
1,Austria,2015,6.939159999999999
1,United States,2015,6.939159999999999
1,Luxembourg,2015,6.939159999999999
1,Ireland,2015,6.939159999999999
1,Belgium,2015,6.939159999999999
1,United Arab Emirates,2015,6.939159999999999
1,United Kingdom,2015,6.939159999999999
1,Singapore,2015,6.939159999999999
1,Germany,2015,6.939159999999999
1,Uruguay,2015,6.939159999999999
1,Thailand,2015,6.939159999999999
1,Malta,2015,6.939159999999999
1,Uzbekistan,2015,6.939159999999999
1,Bahrain,2015,6.939159999999999
1,Hong Kong,2015,6.939159999999999
0,Israel,2015,5.683362068965517
0,Costa Rica,2015,5.683362068965517
0,Mexico,2015,5.683362068965517
0,Brazil,2015,5.683362068965517
0,Venezuela,2015,5.683362068965517
0,Panama,2015,5.683362068965517
0,Chile,2015,5.683362068965517
0,France,2015,5.683362068965517
0,Argentina,2015,5.683362068965517
0,Czech Republic,2015,5.683362068965517
0,Colombia,2015,5.683362068965517
0,Saudi Arabia,2015,5.683362068965517
0,Spain,2015,5.683362068965517
0,Taiwan,2015,5.683362068965517
0,El Salvador,2015,5.683362068965517
0,Guatemala,2015,5.683362068965517
0,Slovakia,2015,5.683362068965517
0,Japan,2015,5.683362068965517
0,South Korea,2015,5.683362068965517
0,Ecuador,2015,5.683362068965517
0,Italy,2015,5.683362068965517
0,Paraguay,2015,5.683362068965517
0,Kazakhstan,2015,5.683362068965517
0,Slovenia,2015,5.683362068965517
0,Lithuania,2015,5.683362068965517
0,Nicaragua,2015,5.683362068965517
0,Peru,2015,5.683362068965517
0,Poland,2015,5.683362068965517
0,Malaysia,2015,5.683362068965517
0,Croatia,2015,5.683362068965517
0,Russia,2015,5.683362068965517
0,Jamaica,2015,5.683362068965517
0,Cyprus,2015,5.683362068965517
0,Algeria,2015,5.683362068965517
0,Mauritius,2015,5.683362068965517
0,Estonia,2015,5.683362068965517
0,Vietnam,2015,5.683362068965517
0,Turkey,2015,5.683362068965517
0,Jordan,2015,5.683362068965517
0,Montenegro,2015,5.683362068965517
0,China,2015,5.683362068965517
0,Romania,2015,5.683362068965517
0,Serbia,2015,5.683362068965517
0,Portugal,2015,5.683362068965517
0,Latvia,2015,5.683362068965517
0,Philippines,2015,5.683362068965517
0,Macedonia,2015,5.683362068965517
0,Albania,2015,5.683362068965517
0,Dominican Republic,2015,5.683362068965517
0,Mongolia,2015,5.683362068965517
0,Greece,2015,5.683362068965517
0,Lebanon,2015,5.683362068965517
0,Hungary,2015,5.683362068965517
0,Ukraine,2015,5.683362068965517
0,Armenia,2015,5.683362068965517
0,Sri Lanka,2015,5.683362068965517
0,Bulgaria,2015,5.683362068965517
0,Gabon,2015,5.683362068965517
2,Bolivia,2015,4.438291666666667
2,Moldova,2015,4.438291666666667
2,Kosovo,2015,4.438291666666667
2,Indonesia,2015,4.438291666666667
2,Kyrgyzstan,2015,4.438291666666667
2,Nigeria,2015,4.438291666666667
2,Pakistan,2015,4.438291666666667
2,Zambia,2015,4.438291666666667
2,Morocco,2015,4.438291666666667
2,Bosnia and Herzegovina,2015,4.438291666666667
2,Honduras,2015,4.438291666666667
2,Tajikistan,2015,4.438291666666667
2,Tunisia,2015,4.438291666666667
2,Palestine,2015,4.438291666666667
2,Bangladesh,2015,4.438291666666667
2,Iran,2015,4.438291666666667
2,Iraq,2015,4.438291666666667
2,South Africa,2015,4.438291666666667
2,Ghana,2015,4.438291666666667
2,Zimbabwe,2015,4.438291666666667
2,Liberia,2015,4.438291666666667
2,India,2015,4.438291666666667
2,Nepal,2015,4.438291666666667
2,Ethiopia,2015,4.438291666666667
2,Sierra Leone,2015,4.438291666666667
2,Mauritania,2015,4.438291666666667
2,Kenya,2015,4.438291666666667
2,Botswana,2015,4.438291666666667
2,Myanmar,2015,4.438291666666667
2,Georgia,2015,4.438291666666667
2,Malawi,2015,4.438291666666667
2,Cameroon,2015,4.438291666666667
2,Egypt,2015,4.438291666666667
2,Mali,2015,4.438291666666667
2,Congo (Brazzaville),2015,4.438291666666667
2,Uganda,2015,4.438291666666667
2,Senegal,2015,4.438291666666667
2,Niger,2015,4.438291666666667
2,Cambodia,2015,4.438291666666667
2,Tanzania,2015,4.438291666666667
2,Madagascar,2015,4.438291666666667
2,Chad,2015,4.438291666666667
2,Guinea,2015,4.438291666666667
2,Ivory Coast,2015,4.438291666666667
2,Burkina Faso,2015,4.438291666666667
2,Afghanistan,2015,4.438291666666667
2,Benin,2015,4.438291666666667
2,Togo,2015,4.438291666666667
1,Denmark,2016,7.0009999999999994
1,Switzerland,2016,7.0009999999999994
1,Iceland,2016,7.0009999999999994
1,Norway,2016,7.0009999999999994
1,Finland,2016,7.0009999999999994
1,Canada,2016,7.0009999999999994
1,Netherlands,2016,7.0009999999999994
1,New Zealand,2016,7.0009999999999994
1,Australia,2016,7.0009999999999994
1,Sweden,2016,7.0009999999999994
1,Austria,2016,7.0009999999999994
1,United States,2016,7.0009999999999994
1,Germany,2016,7.0009999999999994
1,Belgium,2016,7.0009999999999994
1,Ireland,2016,7.0009999999999994
1,Luxembourg,2016,7.0009999999999994
1,Singapore,2016,7.0009999999999994
1,United Kingdom,2016,7.0009999999999994
1,United Arab Emirates,2016,7.0009999999999994
1,Malta,2016,7.0009999999999994
1,Uzbekistan,2016,7.0009999999999994
1,Hong Kong,2016,7.0009999999999994
0,Israel,2016,5.967767441860465
0,Costa Rica,2016,5.967767441860465
0,Brazil,2016,5.967767441860465
0,Mexico,2016,5.967767441860465
0,Chile,2016,5.967767441860465
0,Panama,2016,5.967767441860465
0,Argentina,2016,5.967767441860465
0,Czech Republic,2016,5.967767441860465
0,Uruguay,2016,5.967767441860465
0,Colombia,2016,5.967767441860465
0,France,2016,5.967767441860465
0,Saudi Arabia,2016,5.967767441860465
0,Taiwan,2016,5.967767441860465
0,Spain,2016,5.967767441860465
0,Algeria,2016,5.967767441860465
0,Bahrain,2016,5.967767441860465
0,Venezuela,2016,5.967767441860465
0,Slovakia,2016,5.967767441860465
0,El Salvador,2016,5.967767441860465
0,Italy,2016,5.967767441860465
0,Ecuador,2016,5.967767441860465
0,Japan,2016,5.967767441860465
0,Kazakhstan,2016,5.967767441860465
0,Russia,2016,5.967767441860465
0,Poland,2016,5.967767441860465
0,South Korea,2016,5.967767441860465
0,Lithuania,2016,5.967767441860465
0,Slovenia,2016,5.967767441860465
0,Peru,2016,5.967767441860465
0,Latvia,2016,5.967767441860465
0,Cyprus,2016,5.967767441860465
0,Paraguay,2016,5.967767441860465
0,Romania,2016,5.967767441860465
0,Estonia,2016,5.967767441860465
0,Jamaica,2016,5.967767441860465
0,Turkey,2016,5.967767441860465
0,Jordan,2016,5.967767441860465
0,China,2016,5.967767441860465
0,Dominican Republic,2016,5.967767441860465
0,Hungary,2016,5.967767441860465
0,Portugal,2016,5.967767441860465
0,Greece,2016,5.967767441860465
0,Bulgaria,2016,5.967767441860465
2,Thailand,2016,4.632348484848485
2,Guatemala,2016,4.632348484848485
2,Malaysia,2016,4.632348484848485
2,Nicaragua,2016,4.632348484848485
2,Moldova,2016,4.632348484848485
2,Bolivia,2016,4.632348484848485
2,Mauritius,2016,4.632348484848485
2,Croatia,2016,4.632348484848485
2,Kosovo,2016,4.632348484848485
2,Indonesia,2016,4.632348484848485
2,Philippines,2016,4.632348484848485
2,Kyrgyzstan,2016,4.632348484848485
2,Serbia,2016,4.632348484848485
2,Bosnia and Herzegovina,2016,4.632348484848485
2,Montenegro,2016,4.632348484848485
2,Morocco,2016,4.632348484848485
2,Pakistan,2016,4.632348484848485
2,Lebanon,2016,4.632348484848485
2,Macedonia,2016,4.632348484848485
2,Vietnam,2016,4.632348484848485
2,Tunisia,2016,4.632348484848485
2,Tajikistan,2016,4.632348484848485
2,Mongolia,2016,4.632348484848485
2,Nigeria,2016,4.632348484848485
2,Honduras,2016,4.632348484848485
2,Iran,2016,4.632348484848485
2,Zambia,2016,4.632348484848485
2,Nepal,2016,4.632348484848485
2,Palestine,2016,4.632348484848485
2,Albania,2016,4.632348484848485
2,Bangladesh,2016,4.632348484848485
2,Sierra Leone,2016,4.632348484848485
2,Iraq,2016,4.632348484848485
2,Cameroon,2016,4.632348484848485
2,Ethiopia,2016,4.632348484848485
2,South Africa,2016,4.632348484848485
2,Sri Lanka,2016,4.632348484848485
2,India,2016,4.632348484848485
2,Myanmar,2016,4.632348484848485
2,Egypt,2016,4.632348484848485
2,Armenia,2016,4.632348484848485
2,Kenya,2016,4.632348484848485
2,Ukraine,2016,4.632348484848485
2,Ghana,2016,4.632348484848485
2,Georgia,2016,4.632348484848485
2,Congo (Brazzaville),2016,4.632348484848485
2,Senegal,2016,4.632348484848485
2,Mauritania,2016,4.632348484848485
2,Zimbabwe,2016,4.632348484848485
2,Malawi,2016,4.632348484848485
2,Gabon,2016,4.632348484848485
2,Mali,2016,4.632348484848485
2,Botswana,2016,4.632348484848485
2,Ivory Coast,2016,4.632348484848485
2,Cambodia,2016,4.632348484848485
2,Niger,2016,4.632348484848485
2,Chad,2016,4.632348484848485
2,Burkina Faso,2016,4.632348484848485
2,Uganda,2016,4.632348484848485
2,Madagascar,2016,4.632348484848485
2,Tanzania,2016,4.632348484848485
2,Liberia,2016,4.632348484848485
2,Guinea,2016,4.632348484848485
2,Benin,2016,4.632348484848485
2,Afghanistan,2016,4.632348484848485
2,Togo,2016,4.632348484848485
1,Norway,2017,6.82548
1,Denmark,2017,6.82548
1,Iceland,2017,6.82548
1,Switzerland,2017,6.82548
1,Finland,2017,6.82548
1,Netherlands,2017,6.82548
1,Canada,2017,6.82548
1,New Zealand,2017,6.82548
1,Sweden,2017,6.82548
1,Australia,2017,6.82548
1,Austria,2017,6.82548
1,United States,2017,6.82548
1,Ireland,2017,6.82548
1,Germany,2017,6.82548
1,Belgium,2017,6.82548
1,Luxembourg,2017,6.82548
1,United Kingdom,2017,6.82548
1,United Arab Emirates,2017,6.82548
1,Singapore,2017,6.82548
1,Malta,2017,6.82548
1,Thailand,2017,6.82548
1,Bahrain,2017,6.82548
1,Uzbekistan,2017,6.82548
1,Hong Kong,2017,6.82548
1,Sri Lanka,2017,6.82548
0,Israel,2017,5.624652173913043
0,Costa Rica,2017,5.624652173913043
0,Chile,2017,5.624652173913043
0,Brazil,2017,5.624652173913043
0,Czech Republic,2017,5.624652173913043
0,Argentina,2017,5.624652173913043
0,Mexico,2017,5.624652173913043
0,Uruguay,2017,5.624652173913043
0,Guatemala,2017,5.624652173913043
0,Panama,2017,5.624652173913043
0,France,2017,5.624652173913043
0,Taiwan,2017,5.624652173913043
0,Spain,2017,5.624652173913043
0,Colombia,2017,5.624652173913043
0,Saudi Arabia,2017,5.624652173913043
0,Slovakia,2017,5.624652173913043
0,Malaysia,2017,5.624652173913043
0,Nicaragua,2017,5.624652173913043
0,Ecuador,2017,5.624652173913043
0,El Salvador,2017,5.624652173913043
0,Poland,2017,5.624652173913043
0,Italy,2017,5.624652173913043
0,Russia,2017,5.624652173913043
0,Japan,2017,5.624652173913043
0,Lithuania,2017,5.624652173913043
0,Algeria,2017,5.624652173913043
0,Latvia,2017,5.624652173913043
0,South Korea,2017,5.624652173913043
0,Moldova,2017,5.624652173913043
0,Romania,2017,5.624652173913043
0,Bolivia,2017,5.624652173913043
0,Kazakhstan,2017,5.624652173913043
0,Slovenia,2017,5.624652173913043
0,Peru,2017,5.624652173913043
0,Mauritius,2017,5.624652173913043
0,Cyprus,2017,5.624652173913043
0,Estonia,2017,5.624652173913043
0,Turkey,2017,5.624652173913043
0,Paraguay,2017,5.624652173913043
0,Philippines,2017,5.624652173913043
0,Serbia,2017,5.624652173913043
0,Jordan,2017,5.624652173913043
0,Hungary,2017,5.624652173913043
0,Jamaica,2017,5.624652173913043
0,Croatia,2017,5.624652173913043
0,China,2017,5.624652173913043
0,Venezuela,2017,5.624652173913043
0,Montenegro,2017,5.624652173913043
0,Morocco,2017,5.624652173913043
0,Dominican Republic,2017,5.624652173913043
0,Greece,2017,5.624652173913043
0,Lebanon,2017,5.624652173913043
0,Portugal,2017,5.624652173913043
0,Bosnia and Herzegovina,2017,5.624652173913043
0,Honduras,2017,5.624652173913043
0,Macedonia,2017,5.624652173913043
0,Vietnam,2017,5.624652173913043
0,Mongolia,2017,5.624652173913043
0,South Africa,2017,5.624652173913043
0,Tunisia,2017,5.624652173913043
0,Palestine,2017,5.624652173913043
0,Egypt,2017,5.624652173913043
0,Bulgaria,2017,5.624652173913043
0,Albania,2017,5.624652173913043
0,Iraq,2017,5.624652173913043
0,Gabon,2017,5.624652173913043
0,Armenia,2017,5.624652173913043
0,Ukraine,2017,5.624652173913043
0,Botswana,2017,5.624652173913043
2,Kosovo,2017,4.322837837837838
2,Pakistan,2017,4.322837837837838
2,Indonesia,2017,4.322837837837838
2,Nigeria,2017,4.322837837837838
2,Tajikistan,2017,4.322837837837838
2,Kyrgyzstan,2017,4.322837837837838
2,Nepal,2017,4.322837837837838
2,Sierra Leone,2017,4.322837837837838
2,Cameroon,2017,4.322837837837838
2,Iran,2017,4.322837837837838
2,Bangladesh,2017,4.322837837837838
2,Kenya,2017,4.322837837837838
2,Myanmar,2017,4.322837837837838
2,Senegal,2017,4.322837837837838
2,Zambia,2017,4.322837837837838
2,Ethiopia,2017,4.322837837837838
2,India,2017,4.322837837837838
2,Mauritania,2017,4.322837837837838
2,Congo (Brazzaville),2017,4.322837837837838
2,Georgia,2017,4.322837837837838
2,Mali,2017,4.322837837837838
2,Ivory Coast,2017,4.322837837837838
2,Cambodia,2017,4.322837837837838
2,Ghana,2017,4.322837837837838
2,Uganda,2017,4.322837837837838
2,Burkina Faso,2017,4.322837837837838
2,Niger,2017,4.322837837837838
2,Malawi,2017,4.322837837837838
2,Chad,2017,4.322837837837838
2,Zimbabwe,2017,4.322837837837838
2,Afghanistan,2017,4.322837837837838
2,Benin,2017,4.322837837837838
2,Madagascar,2017,4.322837837837838
2,Liberia,2017,4.322837837837838
2,Guinea,2017,4.322837837837838
2,Togo,2017,4.322837837837838
2,Tanzania,2017,4.322837837837838
1,Finland,2018,6.902909090909091
1,Norway,2018,6.902909090909091
1,Denmark,2018,6.902909090909091
1,Iceland,2018,6.902909090909091
1,Switzerland,2018,6.902909090909091
1,Netherlands,2018,6.902909090909091
1,Canada,2018,6.902909090909091
1,New Zealand,2018,6.902909090909091
1,Sweden,2018,6.902909090909091
1,Australia,2018,6.902909090909091
1,Austria,2018,6.902909090909091
1,Ireland,2018,6.902909090909091
1,Germany,2018,6.902909090909091
1,Belgium,2018,6.902909090909091
1,Luxembourg,2018,6.902909090909091
1,United States,2018,6.902909090909091
1,Israel,2018,6.902909090909091
1,Malta,2018,6.902909090909091
1,Singapore,2018,6.902909090909091
1,Uzbekistan,2018,6.902909090909091
1,Hong Kong,2018,6.902909090909091
1,Myanmar,2018,6.902909090909091
0,United Kingdom,2018,5.6311447368421055
0,Costa Rica,2018,5.6311447368421055
0,United Arab Emirates,2018,5.6311447368421055
0,Czech Republic,2018,5.6311447368421055
0,France,2018,5.6311447368421055
0,Mexico,2018,5.6311447368421055
0,Chile,2018,5.6311447368421055
0,Taiwan,2018,5.6311447368421055
0,Panama,2018,5.6311447368421055
0,Brazil,2018,5.6311447368421055
0,Argentina,2018,5.6311447368421055
0,Guatemala,2018,5.6311447368421055
0,Uruguay,2018,5.6311447368421055
0,Saudi Arabia,2018,5.6311447368421055
0,Malaysia,2018,5.6311447368421055
0,Spain,2018,5.6311447368421055
0,Colombia,2018,5.6311447368421055
0,Slovakia,2018,5.6311447368421055
0,El Salvador,2018,5.6311447368421055
0,Nicaragua,2018,5.6311447368421055
0,Poland,2018,5.6311447368421055
0,Bahrain,2018,5.6311447368421055
0,Thailand,2018,5.6311447368421055
0,Italy,2018,5.6311447368421055
0,Ecuador,2018,5.6311447368421055
0,Lithuania,2018,5.6311447368421055
0,Slovenia,2018,5.6311447368421055
0,Romania,2018,5.6311447368421055
0,Latvia,2018,5.6311447368421055
0,Japan,2018,5.6311447368421055
0,Mauritius,2018,5.6311447368421055
0,Jamaica,2018,5.6311447368421055
0,South Korea,2018,5.6311447368421055
0,Russia,2018,5.6311447368421055
0,Kazakhstan,2018,5.6311447368421055
0,Cyprus,2018,5.6311447368421055
0,Bolivia,2018,5.6311447368421055
0,Estonia,2018,5.6311447368421055
0,Paraguay,2018,5.6311447368421055
0,Peru,2018,5.6311447368421055
0,Kosovo,2018,5.6311447368421055
0,Moldova,2018,5.6311447368421055
0,Hungary,2018,5.6311447368421055
0,Philippines,2018,5.6311447368421055
0,Honduras,2018,5.6311447368421055
0,Turkey,2018,5.6311447368421055
0,Portugal,2018,5.6311447368421055
0,Serbia,2018,5.6311447368421055
0,Greece,2018,5.6311447368421055
0,Lebanon,2018,5.6311447368421055
0,Montenegro,2018,5.6311447368421055
0,Croatia,2018,5.6311447368421055
0,Dominican Republic,2018,5.6311447368421055
0,Algeria,2018,5.6311447368421055
0,Morocco,2018,5.6311447368421055
0,China,2018,5.6311447368421055
0,Macedonia,2018,5.6311447368421055
0,Jordan,2018,5.6311447368421055
0,Kyrgyzstan,2018,5.6311447368421055
0,Bosnia and Herzegovina,2018,5.6311447368421055
0,Mongolia,2018,5.6311447368421055
0,Vietnam,2018,5.6311447368421055
0,Bulgaria,2018,5.6311447368421055
0,Venezuela,2018,5.6311447368421055
0,Gabon,2018,5.6311447368421055
0,Palestine,2018,5.6311447368421055
0,South Africa,2018,5.6311447368421055
0,Iran,2018,5.6311447368421055
0,Tunisia,2018,5.6311447368421055
0,Albania,2018,5.6311447368421055
0,Sri Lanka,2018,5.6311447368421055
0,Iraq,2018,5.6311447368421055
0,Egypt,2018,5.6311447368421055
0,Armenia,2018,5.6311447368421055
0,Ukraine,2018,5.6311447368421055
0,Botswana,2018,5.6311447368421055
2,Pakistan,2018,4.360757575757575
2,Tajikistan,2018,4.360757575757575
2,Nigeria,2018,4.360757575757575
2,Indonesia,2018,4.360757575757575
2,Cameroon,2018,4.360757575757575
2,Nepal,2018,4.360757575757575
2,Ivory Coast,2018,4.360757575757575
2,Ghana,2018,4.360757575757575
2,Senegal,2018,4.360757575757575
2,Sierra Leone,2018,4.360757575757575
2,Congo (Brazzaville),2018,4.360757575757575
2,Bangladesh,2018,4.360757575757575
2,Mali,2018,4.360757575757575
2,Cambodia,2018,4.360757575757575
2,Burkina Faso,2018,4.360757575757575
2,Kenya,2018,4.360757575757575
2,Zambia,2018,4.360757575757575
2,Mauritania,2018,4.360757575757575
2,Ethiopia,2018,4.360757575757575
2,Georgia,2018,4.360757575757575
2,Chad,2018,4.360757575757575
2,India,2018,4.360757575757575
2,Niger,2018,4.360757575757575
2,Uganda,2018,4.360757575757575
2,Benin,2018,4.360757575757575
2,Togo,2018,4.360757575757575
2,Guinea,2018,4.360757575757575
2,Madagascar,2018,4.360757575757575
2,Zimbabwe,2018,4.360757575757575
2,Afghanistan,2018,4.360757575757575
2,Malawi,2018,4.360757575757575
2,Liberia,2018,4.360757575757575
2,Tanzania,2018,4.360757575757575
1,Finland,2019,6.938761904761905
1,Denmark,2019,6.938761904761905
1,Norway,2019,6.938761904761905
1,Iceland,2019,6.938761904761905
1,Netherlands,2019,6.938761904761905
1,Switzerland,2019,6.938761904761905
1,Sweden,2019,6.938761904761905
1,New Zealand,2019,6.938761904761905
1,Canada,2019,6.938761904761905
1,Austria,2019,6.938761904761905
1,Australia,2019,6.938761904761905
1,Luxembourg,2019,6.938761904761905
1,United Kingdom,2019,6.938761904761905
1,Ireland,2019,6.938761904761905
1,Germany,2019,6.938761904761905
1,United Arab Emirates,2019,6.938761904761905
1,Malta,2019,6.938761904761905
1,Singapore,2019,6.938761904761905
1,Uzbekistan,2019,6.938761904761905
1,Hong Kong,2019,6.938761904761905
1,Myanmar,2019,6.938761904761905
0,Costa Rica,2019,5.613156626506024
0,Israel,2019,5.613156626506024
0,Belgium,2019,5.613156626506024
0,United States,2019,5.613156626506024
0,Czech Republic,2019,5.613156626506024
0,Mexico,2019,5.613156626506024
0,France,2019,5.613156626506024
0,Taiwan,2019,5.613156626506024
0,Chile,2019,5.613156626506024
0,Guatemala,2019,5.613156626506024
0,Saudi Arabia,2019,5.613156626506024
0,Spain,2019,5.613156626506024
0,Panama,2019,5.613156626506024
0,Brazil,2019,5.613156626506024
0,Uruguay,2019,5.613156626506024
0,El Salvador,2019,5.613156626506024
0,Italy,2019,5.613156626506024
0,Bahrain,2019,5.613156626506024
0,Slovakia,2019,5.613156626506024
0,Poland,2019,5.613156626506024
0,Lithuania,2019,5.613156626506024
0,Colombia,2019,5.613156626506024
0,Slovenia,2019,5.613156626506024
0,Nicaragua,2019,5.613156626506024
0,Kosovo,2019,5.613156626506024
0,Argentina,2019,5.613156626506024
0,Romania,2019,5.613156626506024
0,Cyprus,2019,5.613156626506024
0,Ecuador,2019,5.613156626506024
0,Thailand,2019,5.613156626506024
0,Latvia,2019,5.613156626506024
0,South Korea,2019,5.613156626506024
0,Estonia,2019,5.613156626506024
0,Jamaica,2019,5.613156626506024
0,Mauritius,2019,5.613156626506024
0,Japan,2019,5.613156626506024
0,Honduras,2019,5.613156626506024
0,Kazakhstan,2019,5.613156626506024
0,Bolivia,2019,5.613156626506024
0,Hungary,2019,5.613156626506024
0,Paraguay,2019,5.613156626506024
0,Peru,2019,5.613156626506024
0,Portugal,2019,5.613156626506024
0,Russia,2019,5.613156626506024
0,Philippines,2019,5.613156626506024
0,Serbia,2019,5.613156626506024
0,Moldova,2019,5.613156626506024
0,Montenegro,2019,5.613156626506024
0,Tajikistan,2019,5.613156626506024
0,Croatia,2019,5.613156626506024
0,Dominican Republic,2019,5.613156626506024
0,Bosnia and Herzegovina,2019,5.613156626506024
0,Turkey,2019,5.613156626506024
0,Malaysia,2019,5.613156626506024
0,Greece,2019,5.613156626506024
0,Mongolia,2019,5.613156626506024
0,Macedonia,2019,5.613156626506024
0,Kyrgyzstan,2019,5.613156626506024
0,Algeria,2019,5.613156626506024
0,Morocco,2019,5.613156626506024
0,Lebanon,2019,5.613156626506024
0,Indonesia,2019,5.613156626506024
0,China,2019,5.613156626506024
0,Vietnam,2019,5.613156626506024
0,Bulgaria,2019,5.613156626506024
0,Nepal,2019,5.613156626506024
0,Jordan,2019,5.613156626506024
0,Gabon,2019,5.613156626506024
0,South Africa,2019,5.613156626506024
0,Albania,2019,5.613156626506024
0,Venezuela,2019,5.613156626506024
0,Cambodia,2019,5.613156626506024
0,Palestine,2019,5.613156626506024
0,Armenia,2019,5.613156626506024
0,Iran,2019,5.613156626506024
0,Georgia,2019,5.613156626506024
0,Tunisia,2019,5.613156626506024
0,Bangladesh,2019,5.613156626506024
0,Iraq,2019,5.613156626506024
0,Sri Lanka,2019,5.613156626506024
0,Ukraine,2019,5.613156626506024
0,Egypt,2019,5.613156626506024
0,Botswana,2019,5.613156626506024
2,Pakistan,2019,4.379148148148148
2,Nigeria,2019,4.379148148148148
2,Cameroon,2019,4.379148148148148
2,Ghana,2019,4.379148148148148
2,Ivory Coast,2019,4.379148148148148
2,Benin,2019,4.379148148148148
2,Congo (Brazzaville),2019,4.379148148148148
2,Senegal,2019,4.379148148148148
2,Niger,2019,4.379148148148148
2,Burkina Faso,2019,4.379148148148148
2,Guinea,2019,4.379148148148148
2,Kenya,2019,4.379148148148148
2,Mauritania,2019,4.379148148148148
2,Mali,2019,4.379148148148148
2,Sierra Leone,2019,4.379148148148148
2,Chad,2019,4.379148148148148
2,Ethiopia,2019,4.379148148148148
2,Uganda,2019,4.379148148148148
2,Zambia,2019,4.379148148148148
2,Togo,2019,4.379148148148148
2,India,2019,4.379148148148148
2,Liberia,2019,4.379148148148148
2,Madagascar,2019,4.379148148148148
2,Zimbabwe,2019,4.379148148148148
2,Malawi,2019,4.379148148148148
2,Tanzania,2019,4.379148148148148
2,Afghanistan,2019,4.379148148148148
1,Finland,2020,6.939782608695652
1,Denmark,2020,6.939782608695652
1,Switzerland,2020,6.939782608695652
1,Iceland,2020,6.939782608695652
1,Norway,2020,6.939782608695652
1,Netherlands,2020,6.939782608695652
1,Sweden,2020,6.939782608695652
1,New Zealand,2020,6.939782608695652
1,Austria,2020,6.939782608695652
1,Luxembourg,2020,6.939782608695652
1,Canada,2020,6.939782608695652
1,Australia,2020,6.939782608695652
1,United Kingdom,2020,6.939782608695652
1,Ireland,2020,6.939782608695652
1,Germany,2020,6.939782608695652
1,United States,2020,6.939782608695652
1,United Arab Emirates,2020,6.939782608695652
1,Malta,2020,6.939782608695652
1,Singapore,2020,6.939782608695652
1,Uzbekistan,2020,6.939782608695652
1,Bahrain,2020,6.939782608695652
1,Hong Kong,2020,6.939782608695652
1,Myanmar,2020,6.939782608695652
0,Israel,2020,5.662392405063291
0,Costa Rica,2020,5.662392405063291
0,Czech Republic,2020,5.662392405063291
0,Belgium,2020,5.662392405063291
0,France,2020,5.662392405063291
0,Mexico,2020,5.662392405063291
0,Taiwan,2020,5.662392405063291
0,Uruguay,2020,5.662392405063291
0,Saudi Arabia,2020,5.662392405063291
0,Spain,2020,5.662392405063291
0,Guatemala,2020,5.662392405063291
0,Italy,2020,5.662392405063291
0,Brazil,2020,5.662392405063291
0,Slovenia,2020,5.662392405063291
0,El Salvador,2020,5.662392405063291
0,Kosovo,2020,5.662392405063291
0,Panama,2020,5.662392405063291
0,Slovakia,2020,5.662392405063291
0,Chile,2020,5.662392405063291
0,Lithuania,2020,5.662392405063291
0,Poland,2020,5.662392405063291
0,Colombia,2020,5.662392405063291
0,Cyprus,2020,5.662392405063291
0,Nicaragua,2020,5.662392405063291
0,Romania,2020,5.662392405063291
0,Mauritius,2020,5.662392405063291
0,Kazakhstan,2020,5.662392405063291
0,Estonia,2020,5.662392405063291
0,Philippines,2020,5.662392405063291
0,Hungary,2020,5.662392405063291
0,Thailand,2020,5.662392405063291
0,Argentina,2020,5.662392405063291
0,Honduras,2020,5.662392405063291
0,Latvia,2020,5.662392405063291
0,Ecuador,2020,5.662392405063291
0,Portugal,2020,5.662392405063291
0,Jamaica,2020,5.662392405063291
0,South Korea,2020,5.662392405063291
0,Japan,2020,5.662392405063291
0,Peru,2020,5.662392405063291
0,Serbia,2020,5.662392405063291
0,Bolivia,2020,5.662392405063291
0,Paraguay,2020,5.662392405063291
0,Dominican Republic,2020,5.662392405063291
0,Bosnia and Herzegovina,2020,5.662392405063291
0,Moldova,2020,5.662392405063291
0,Tajikistan,2020,5.662392405063291
0,Montenegro,2020,5.662392405063291
0,Russia,2020,5.662392405063291
0,Kyrgyzstan,2020,5.662392405063291
0,Greece,2020,5.662392405063291
0,Croatia,2020,5.662392405063291
0,Mongolia,2020,5.662392405063291
0,Malaysia,2020,5.662392405063291
0,Vietnam,2020,5.662392405063291
0,Macedonia,2020,5.662392405063291
0,Turkey,2020,5.662392405063291
0,China,2020,5.662392405063291
0,Bulgaria,2020,5.662392405063291
0,Morocco,2020,5.662392405063291
0,Venezuela,2020,5.662392405063291
0,Algeria,2020,5.662392405063291
0,Albania,2020,5.662392405063291
0,Cambodia,2020,5.662392405063291
0,Bangladesh,2020,5.662392405063291
0,Gabon,2020,5.662392405063291
0,South Africa,2020,5.662392405063291
0,Iraq,2020,5.662392405063291
0,Lebanon,2020,5.662392405063291
0,Armenia,2020,5.662392405063291
0,Georgia,2020,5.662392405063291
0,Iran,2020,5.662392405063291
0,Jordan,2020,5.662392405063291
0,Ukraine,2020,5.662392405063291
0,Palestine,2020,5.662392405063291
0,Tunisia,2020,5.662392405063291
0,Sri Lanka,2020,5.662392405063291
0,Egypt,2020,5.662392405063291
0,Botswana,2020,5.662392405063291
2,Pakistan,2020,4.486275862068966
2,Indonesia,2020,4.486275862068966
2,Ivory Coast,2020,4.486275862068966
2,Benin,2020,4.486275862068966
2,Congo (Brazzaville),2020,4.486275862068966
2,Ghana,2020,4.486275862068966
2,Nepal,2020,4.486275862068966
2,Cameroon,2020,4.486275862068966
2,Senegal,2020,4.486275862068966
2,Guinea,2020,4.486275862068966
2,Niger,2020,4.486275862068966
2,Burkina Faso,2020,4.486275862068966
2,Mali,2020,4.486275862068966
2,Nigeria,2020,4.486275862068966
2,Kenya,2020,4.486275862068966
2,Liberia,2020,4.486275862068966
2,Uganda,2020,4.486275862068966
2,Chad,2020,4.486275862068966
2,Mauritania,2020,4.486275862068966
2,Togo,2020,4.486275862068966
2,Ethiopia,2020,4.486275862068966
2,Madagascar,2020,4.486275862068966
2,Sierra Leone,2020,4.486275862068966
2,Zambia,2020,4.486275862068966
2,India,2020,4.486275862068966
2,Malawi,2020,4.486275862068966
2,Tanzania,2020,4.486275862068966
2,Zimbabwe,2020,4.486275862068966
2,Afghanistan,2020,4.486275862068966
1,Finland,2021,7.030952380952381
1,Denmark,2021,7.030952380952381
1,Switzerland,2021,7.030952380952381
1,Iceland,2021,7.030952380952381
1,Netherlands,2021,7.030952380952381
1,Norway,2021,7.030952380952381
1,Sweden,2021,7.030952380952381
1,Luxembourg,2021,7.030952380952381
1,New Zealand,2021,7.030952380952381
1,Austria,2021,7.030952380952381
1,Australia,2021,7.030952380952381
1,Germany,2021,7.030952380952381
1,Canada,2021,7.030952380952381
1,Ireland,2021,7.030952380952381
1,United Kingdom,2021,7.030952380952381
1,Malta,2021,7.030952380952381
1,United Arab Emirates,2021,7.030952380952381
1,Singapore,2021,7.030952380952381
1,Estonia,2021,7.030952380952381
1,Uzbekistan,2021,7.030952380952381
1,Hong Kong,2021,7.030952380952381
0,Israel,2021,5.981
0,Costa Rica,2021,5.981
0,Czech Republic,2021,5.981
0,United States,2021,5.981
0,Belgium,2021,5.981
0,France,2021,5.981
0,Bahrain,2021,5.981
0,Taiwan,2021,5.981
0,Saudi Arabia,2021,5.981
0,Spain,2021,5.981
0,Italy,2021,5.981
0,Slovenia,2021,5.981
0,Uruguay,2021,5.981
0,Slovakia,2021,5.981
0,Brazil,2021,5.981
0,Mexico,2021,5.981
0,Jamaica,2021,5.981
0,Lithuania,2021,5.981
0,Cyprus,2021,5.981
0,Panama,2021,5.981
0,Chile,2021,5.981
0,Poland,2021,5.981
0,Kazakhstan,2021,5.981
0,Romania,2021,5.981
0,Serbia,2021,5.981
0,Mauritius,2021,5.981
0,Latvia,2021,5.981
0,Colombia,2021,5.981
0,Hungary,2021,5.981
0,Thailand,2021,5.981
0,Japan,2021,5.981
0,Argentina,2021,5.981
0,Portugal,2021,5.981
0,Croatia,2021,5.981
0,South Korea,2021,5.981
0,Peru,2021,5.981
0,Bosnia and Herzegovina,2021,5.981
0,Moldova,2021,5.981
0,Ecuador,2021,5.981
0,Greece,2021,5.981
0,Paraguay,2021,5.981
0,Montenegro,2021,5.981
0,Dominican Republic,2021,5.981
0,Russia,2021,5.981
0,Vietnam,2021,5.981
0,Malaysia,2021,5.981
0,China,2021,5.981
0,Armenia,2021,5.981
0,Bulgaria,2021,5.981
0,Turkey,2021,5.981
0,Venezuela,2021,5.981
0,Ukraine,2021,5.981
0,Lebanon,2021,5.981
0,Sri Lanka,2021,5.981
2,Guatemala,2021,4.816553571428571
2,Kosovo,2021,4.816553571428571
2,El Salvador,2021,4.816553571428571
2,Nicaragua,2021,4.816553571428571
2,Honduras,2021,4.816553571428571
2,Philippines,2021,4.816553571428571
2,Kyrgyzstan,2021,4.816553571428571
2,Bolivia,2021,4.816553571428571
2,Mongolia,2021,4.816553571428571
2,Tajikistan,2021,4.816553571428571
2,Indonesia,2021,4.816553571428571
2,Congo (Brazzaville),2021,4.816553571428571
2,Ivory Coast,2021,4.816553571428571
2,Nepal,2021,4.816553571428571
2,Cameroon,2021,4.816553571428571
2,Senegal,2021,4.816553571428571
2,Albania,2021,4.816553571428571
2,Macedonia,2021,4.816553571428571
2,Ghana,2021,4.816553571428571
2,Niger,2021,4.816553571428571
2,Benin,2021,4.816553571428571
2,Bangladesh,2021,4.816553571428571
2,Guinea,2021,4.816553571428571
2,South Africa,2021,4.816553571428571
2,Pakistan,2021,4.816553571428571
2,Morocco,2021,4.816553571428571
2,Georgia,2021,4.816553571428571
2,Algeria,2021,4.816553571428571
2,Iraq,2021,4.816553571428571
2,Gabon,2021,4.816553571428571
2,Burkina Faso,2021,4.816553571428571
2,Cambodia,2021,4.816553571428571
2,Nigeria,2021,4.816553571428571
2,Mali,2021,4.816553571428571
2,Iran,2021,4.816553571428571
2,Uganda,2021,4.816553571428571
2,Liberia,2021,4.816553571428571
2,Kenya,2021,4.816553571428571
2,Tunisia,2021,4.816553571428571
2,Palestine,2021,4.816553571428571
2,Myanmar,2021,4.816553571428571
2,Jordan,2021,4.816553571428571
2,Chad,2021,4.816553571428571
2,Egypt,2021,4.816553571428571
2,Ethiopia,2021,4.816553571428571
2,Mauritania,2021,4.816553571428571
2,Madagascar,2021,4.816553571428571
2,Togo,2021,4.816553571428571
2,Zambia,2021,4.816553571428571
2,Sierra Leone,2021,4.816553571428571
2,India,2021,4.816553571428571
2,Tanzania,2021,4.816553571428571
2,Malawi,2021,4.816553571428571
2,Botswana,2021,4.816553571428571
2,Zimbabwe,2021,4.816553571428571
2,Afghanistan,2021,4.816553571428571
1,Finland,2022,6.95116
1,Denmark,2022,6.95116
1,Iceland,2022,6.95116
1,Switzerland,2022,6.95116
1,Netherlands,2022,6.95116
1,Luxembourg,2022,6.95116
1,Sweden,2022,6.95116
1,Norway,2022,6.95116
1,New Zealand,2022,6.95116
1,Austria,2022,6.95116
1,Australia,2022,6.95116
1,Ireland,2022,6.95116
1,Germany,2022,6.95116
1,Canada,2022,6.95116
1,United States,2022,6.95116
1,United Kingdom,2022,6.95116
1,France,2022,6.95116
1,Bahrain,2022,6.95116
1,United Arab Emirates,2022,6.95116
1,Singapore,2022,6.95116
1,Uruguay,2022,6.95116
1,Malta,2022,6.95116
1,Estonia,2022,6.95116
1,Uzbekistan,2022,6.95116
1,Hong Kong,2022,6.95116
0,Israel,2022,5.7274594594594594
0,Czech Republic,2022,5.7274594594594594
0,Belgium,2022,5.7274594594594594
0,Slovenia,2022,5.7274594594594594
0,Costa Rica,2022,5.7274594594594594
0,Saudi Arabia,2022,5.7274594594594594
0,Taiwan,2022,5.7274594594594594
0,Romania,2022,5.7274594594594594
0,Spain,2022,5.7274594594594594
0,Italy,2022,5.7274594594594594
0,Kosovo,2022,5.7274594594594594
0,Lithuania,2022,5.7274594594594594
0,Slovakia,2022,5.7274594594594594
0,Panama,2022,5.7274594594594594
0,Brazil,2022,5.7274594594594594
0,Guatemala,2022,5.7274594594594594
0,Kazakhstan,2022,5.7274594594594594
0,Cyprus,2022,5.7274594594594594
0,Latvia,2022,5.7274594594594594
0,Serbia,2022,5.7274594594594594
0,Chile,2022,5.7274594594594594
0,Nicaragua,2022,5.7274594594594594
0,Mexico,2022,5.7274594594594594
0,Croatia,2022,5.7274594594594594
0,Poland,2022,5.7274594594594594
0,El Salvador,2022,5.7274594594594594
0,Hungary,2022,5.7274594594594594
0,Mauritius,2022,5.7274594594594594
0,Japan,2022,5.7274594594594594
0,Honduras,2022,5.7274594594594594
0,Portugal,2022,5.7274594594594594
0,Argentina,2022,5.7274594594594594
0,Greece,2022,5.7274594594594594
0,South Korea,2022,5.7274594594594594
0,Philippines,2022,5.7274594594594594
0,Thailand,2022,5.7274594594594594
0,Moldova,2022,5.7274594594594594
0,Jamaica,2022,5.7274594594594594
0,Kyrgyzstan,2022,5.7274594594594594
0,Colombia,2022,5.7274594594594594
0,Bosnia and Herzegovina,2022,5.7274594594594594
0,Mongolia,2022,5.7274594594594594
0,Dominican Republic,2022,5.7274594594594594
0,Malaysia,2022,5.7274594594594594
0,Bolivia,2022,5.7274594594594594
0,China,2022,5.7274594594594594
0,Paraguay,2022,5.7274594594594594
0,Peru,2022,5.7274594594594594
0,Montenegro,2022,5.7274594594594594
0,Ecuador,2022,5.7274594594594594
0,Vietnam,2022,5.7274594594594594
0,Russia,2022,5.7274594594594594
0,Armenia,2022,5.7274594594594594
0,Tajikistan,2022,5.7274594594594594
0,Bulgaria,2022,5.7274594594594594
0,Indonesia,2022,5.7274594594594594
0,Macedonia,2022,5.7274594594594594
0,Albania,2022,5.7274594594594594
0,South Africa,2022,5.7274594594594594
0,Bangladesh,2022,5.7274594594594594
0,Algeria,2022,5.7274594594594594
0,Ukraine,2022,5.7274594594594594
0,Georgia,2022,5.7274594594594594
0,Gabon,2022,5.7274594594594594
0,Iraq,2022,5.7274594594594594
0,Iran,2022,5.7274594594594594
0,Turkey,2022,5.7274594594594594
0,Cambodia,2022,5.7274594594594594
0,Tunisia,2022,5.7274594594594594
0,Palestine,2022,5.7274594594594594
0,Sri Lanka,2022,5.7274594594594594
0,Egypt,2022,5.7274594594594594
0,Jordan,2022,5.7274594594594594
0,Botswana,2022,5.7274594594594594
2,Nepal,2022,4.37646875
2,Ivory Coast,2022,4.37646875
2,Liberia,2022,4.37646875
2,Congo (Brazzaville),2022,4.37646875
2,Morocco,2022,4.37646875
2,Cameroon,2022,4.37646875
2,Senegal,2022,4.37646875
2,Niger,2022,4.37646875
2,Venezuela,2022,4.37646875
2,Guinea,2022,4.37646875
2,Ghana,2022,4.37646875
2,Burkina Faso,2022,4.37646875
2,Benin,2022,4.37646875
2,Uganda,2022,4.37646875
2,Nigeria,2022,4.37646875
2,Kenya,2022,4.37646875
2,Pakistan,2022,4.37646875
2,Mali,2022,4.37646875
2,Myanmar,2022,4.37646875
2,Madagascar,2022,4.37646875
2,Chad,2022,4.37646875
2,Ethiopia,2022,4.37646875
2,Mauritania,2022,4.37646875
2,Togo,2022,4.37646875
2,India,2022,4.37646875
2,Zambia,2022,4.37646875
2,Malawi,2022,4.37646875
2,Tanzania,2022,4.37646875
2,Sierra Leone,2022,4.37646875
2,Zimbabwe,2022,4.37646875
2,Lebanon,2022,4.37646875
2,Afghanistan,2022,4.37646875
1,Finland,2023,6.872769230769231
1,Denmark,2023,6.872769230769231
1,Iceland,2023,6.872769230769231
1,Netherlands,2023,6.872769230769231
1,Sweden,2023,6.872769230769231
1,Norway,2023,6.872769230769231
1,Switzerland,2023,6.872769230769231
1,Luxembourg,2023,6.872769230769231
1,New Zealand,2023,6.872769230769231
1,Austria,2023,6.872769230769231
1,Australia,2023,6.872769230769231
1,Canada,2023,6.872769230769231
1,Ireland,2023,6.872769230769231
1,United States,2023,6.872769230769231
1,Germany,2023,6.872769230769231
1,Belgium,2023,6.872769230769231
1,United Kingdom,2023,6.872769230769231
1,France,2023,6.872769230769231
1,Singapore,2023,6.872769230769231
1,United Arab Emirates,2023,6.872769230769231
1,Uruguay,2023,6.872769230769231
1,Estonia,2023,6.872769230769231
1,Malta,2023,6.872769230769231
1,Bahrain,2023,6.872769230769231
1,Uzbekistan,2023,6.872769230769231
1,Hong Kong,2023,6.872769230769231
0,Israel,2023,5.738944444444445
0,Czech Republic,2023,5.738944444444445
0,Lithuania,2023,5.738944444444445
0,Slovenia,2023,5.738944444444445
0,Costa Rica,2023,5.738944444444445
0,Romania,2023,5.738944444444445
0,Taiwan,2023,5.738944444444445
0,Slovakia,2023,5.738944444444445
0,Saudi Arabia,2023,5.738944444444445
0,Spain,2023,5.738944444444445
0,Italy,2023,5.738944444444445
0,Kosovo,2023,5.738944444444445
0,Chile,2023,5.738944444444445
0,Mexico,2023,5.738944444444445
0,Panama,2023,5.738944444444445
0,Poland,2023,5.738944444444445
0,Nicaragua,2023,5.738944444444445
0,Latvia,2023,5.738944444444445
0,Guatemala,2023,5.738944444444445
0,Kazakhstan,2023,5.738944444444445
0,Serbia,2023,5.738944444444445
0,Cyprus,2023,5.738944444444445
0,Japan,2023,5.738944444444445
0,Croatia,2023,5.738944444444445
0,Brazil,2023,5.738944444444445
0,El Salvador,2023,5.738944444444445
0,Hungary,2023,5.738944444444445
0,Argentina,2023,5.738944444444445
0,Honduras,2023,5.738944444444445
0,Malaysia,2023,5.738944444444445
0,Portugal,2023,5.738944444444445
0,South Korea,2023,5.738944444444445
0,Greece,2023,5.738944444444445
0,Mauritius,2023,5.738944444444445
0,Thailand,2023,5.738944444444445
0,Mongolia,2023,5.738944444444445
0,Kyrgyzstan,2023,5.738944444444445
0,Moldova,2023,5.738944444444445
0,China,2023,5.738944444444445
0,Vietnam,2023,5.738944444444445
0,Paraguay,2023,5.738944444444445
0,Montenegro,2023,5.738944444444445
0,Jamaica,2023,5.738944444444445
0,Bolivia,2023,5.738944444444445
0,Russia,2023,5.738944444444445
0,Bosnia and Herzegovina,2023,5.738944444444445
0,Colombia,2023,5.738944444444445
0,Dominican Republic,2023,5.738944444444445
0,Ecuador,2023,5.738944444444445
0,Peru,2023,5.738944444444445
0,Philippines,2023,5.738944444444445
0,Bulgaria,2023,5.738944444444445
0,Armenia,2023,5.738944444444445
0,Tajikistan,2023,5.738944444444445
0,Algeria,2023,5.738944444444445
0,Albania,2023,5.738944444444445
0,Indonesia,2023,5.738944444444445
0,South Africa,2023,5.738944444444445
0,Macedonia,2023,5.738944444444445
0,Georgia,2023,5.738944444444445
0,Ukraine,2023,5.738944444444445
0,Gabon,2023,5.738944444444445
0,Iraq,2023,5.738944444444445
0,Palestine,2023,5.738944444444445
0,Iran,2023,5.738944444444445
0,Turkey,2023,5.738944444444445
0,Tunisia,2023,5.738944444444445
0,Sri Lanka,2023,5.738944444444445
0,Cambodia,2023,5.738944444444445
0,Egypt,2023,5.738944444444445
0,Jordan,2023,5.738944444444445
0,Botswana,2023,5.738944444444445
2,Nepal,2023,4.28269696969697
2,Congo (Brazzaville),2023,4.28269696969697
2,Venezuela,2023,4.28269696969697
2,Guinea,2023,4.28269696969697
2,Ivory Coast,2023,4.28269696969697
2,Nigeria,2023,4.28269696969697
2,Cameroon,2023,4.28269696969697
2,Morocco,2023,4.28269696969697
2,Senegal,2023,4.28269696969697
2,Mauritania,2023,4.28269696969697
2,Burkina Faso,2023,4.28269696969697
2,Ghana,2023,4.28269696969697
2,Pakistan,2023,4.28269696969697
2,Niger,2023,4.28269696969697
2,Kenya,2023,4.28269696969697
2,Uganda,2023,4.28269696969697
2,Chad,2023,4.28269696969697
2,Benin,2023,4.28269696969697
2,Myanmar,2023,4.28269696969697
2,Bangladesh,2023,4.28269696969697
2,Mali,2023,4.28269696969697
2,Togo,2023,4.28269696969697
2,Ethiopia,2023,4.28269696969697
2,Liberia,2023,4.28269696969697
2,India,2023,4.28269696969697
2,Madagascar,2023,4.28269696969697
2,Zambia,2023,4.28269696969697
2,Tanzania,2023,4.28269696969697
2,Malawi,2023,4.28269696969697
2,Zimbabwe,2023,4.28269696969697
2,Sierra Leone,2023,4.28269696969697
2,Lebanon,2023,4.28269696969697
2,Afghanistan,2023,4.28269696969697
