country,year,happiness_rank,happiness_score,economic_status,social_support,life_expectancy,freedom,generosity,govt_trust
Switzerland,2015,1,7.587,1.39651,1.34951,0.94143,0.66557,0.29678,0.41978
Iceland,2015,2,7.561,1.30232,1.40223,0.94784,0.62877,0.4363,0.14145
Denmark,2015,3,7.527,1.32548,1.36058,0.87464,0.64938,0.34139,0.48357
Norway,2015,4,7.522,1.459,1.33095,0.88521,0.66973,0.34699,0.36503
Canada,2015,5,7.427,1.32629,1.32261,0.90563,0.63297,0.45811,0.32957
Finland,2015,6,7.406,1.29025,1.31826,0.88911,0.64169,0.23351,0.41372
Netherlands,2015,7,7.378,1.32944,1.28017,0.89284,0.61576,0.4761,0.31814
Sweden,2015,8,7.364,1.33171,1.28907,0.91087,0.6598,0.36262,0.43844
New Zealand,2015,9,7.286,1.25018,1.31967,0.90837,0.63938,0.47501,0.42922
Australia,2015,10,7.284,1.33358,1.30923,0.93156,0.65124,0.43562,0.35637
Israel,2015,11,7.278,1.22857,1.22393,0.91387,0.41319,0.33172,0.07785
Costa Rica,2015,12,7.226,0.95578,1.23788,0.86027,0.63376,0.25497,0.10583
Austria,2015,13,7.2,1.33723,1.29704,0.89042,0.62433,0.33088,0.18676
Mexico,2015,14,7.187,1.02054,0.91451,0.81444,0.48181,0.14074,0.21312
United States,2015,15,7.119,1.39451,1.24711,0.86179,0.54604,0.40105,0.1589
Brazil,2015,16,6.983,0.98124,1.23287,0.69702,0.49049,0.14574,0.17521
Luxembourg,2015,17,6.946,1.56391,1.21963,0.91894,0.61583,0.28034,0.37798
Ireland,2015,18,6.94,1.33596,1.36948,0.89533,0.61777,0.45901,0.28703
Belgium,2015,19,6.937,1.30782,1.28566,0.89667,0.5845,0.2225,0.2254
United Arab Emirates,2015,20,6.901,1.42727,1.12575,0.80925,0.64157,0.26428,0.38583
United Kingdom,2015,21,6.867,1.26637,1.28548,0.90943,0.59625,0.51912,0.32067
Venezuela,2015,23,6.81,1.04424,1.25596,0.72052,0.42908,0.05841,0.11069
Singapore,2015,24,6.798,1.52186,1.02,1.02525,0.54252,0.31105,0.4921
Panama,2015,25,6.786,1.06353,1.1985,0.79661,0.5421,0.24434,0.0927
Germany,2015,26,6.75,1.32792,1.29937,0.89186,0.61477,0.28214,0.21843
Chile,2015,27,6.67,1.10715,1.12447,0.85857,0.44132,0.33363,0.12869
France,2015,29,6.575,1.27778,1.26038,0.94579,0.55011,0.12332,0.20646
Argentina,2015,30,6.574,1.05351,1.24823,0.78723,0.44974,0.11451,0.08484
Czech Republic,2015,31,6.505,1.17898,1.20643,0.84483,0.46364,0.10686,0.02652
Uruguay,2015,32,6.485,1.06166,1.2089,0.8116,0.60362,0.2324,0.24558
Colombia,2015,33,6.477,0.91861,1.24018,0.69077,0.53466,0.18401,0.0512
Thailand,2015,34,6.455,0.9669,1.26504,0.7385,0.55664,0.5763,0.03187
Saudi Arabia,2015,35,6.411,1.39541,1.08393,0.72025,0.31048,0.13706,0.32524
Spain,2015,36,6.329,1.23011,1.31379,0.95562,0.45951,0.18227,0.06398
Malta,2015,37,6.302,1.2074,1.30203,0.88721,0.60365,0.51752,0.13586
Taiwan,2015,38,6.298,1.29098,1.07617,0.8753,0.3974,0.25376,0.08129
El Salvador,2015,42,6.13,0.76454,1.02507,0.67737,0.4035,0.10692,0.11776
Guatemala,2015,43,6.123,0.74553,1.04356,0.64425,0.57733,0.27489,0.09472
Uzbekistan,2015,44,6.003,0.63244,1.34043,0.59772,0.65821,0.22837,0.30826
Slovakia,2015,45,5.995,1.16891,1.26999,0.78902,0.31751,0.16893,0.03431
Japan,2015,46,5.987,1.27074,1.25712,0.99111,0.49615,0.10705,0.1806
South Korea,2015,47,5.984,1.24461,0.95774,0.96538,0.33208,0.18557,0.07857
Ecuador,2015,48,5.975,0.86402,0.99903,0.79075,0.48574,0.11541,0.1809
Bahrain,2015,49,5.96,1.32376,1.21624,0.74716,0.45492,0.17362,0.306
Italy,2015,50,5.948,1.25114,1.19777,0.95446,0.26236,0.22823,0.02901
Bolivia,2015,51,5.89,0.68133,0.97841,0.5392,0.57414,0.20536,0.088
Moldova,2015,52,5.889,0.59448,1.01528,0.61826,0.32818,0.20951,0.01615
Paraguay,2015,53,5.878,0.75985,1.30477,0.66098,0.53899,0.3424,0.08242
Kazakhstan,2015,54,5.855,1.12254,1.12241,0.64368,0.51649,0.11827,0.08454
Slovenia,2015,55,5.848,1.18498,1.27385,0.87337,0.60855,0.25328,0.03787
Lithuania,2015,56,5.833,1.14723,1.25745,0.73128,0.21342,0.02641,0.01031
Nicaragua,2015,57,5.828,0.59325,1.14184,0.74314,0.55475,0.27815,0.19317
Peru,2015,58,5.824,0.90019,0.97459,0.73017,0.41496,0.14982,0.05989
Poland,2015,60,5.791,1.12555,1.27948,0.77903,0.53122,0.16759,0.04212
Malaysia,2015,61,5.77,1.12486,1.07023,0.72394,0.53024,0.33075,0.10501
Croatia,2015,62,5.759,1.08254,0.79624,0.78805,0.25883,0.05444,0.0243
Russia,2015,64,5.716,1.13764,1.23617,0.66926,0.36679,0.00199,0.03005
Jamaica,2015,65,5.709,0.81038,1.15102,0.68741,0.50442,0.2123,0.02299
Cyprus,2015,67,5.689,1.20813,0.89318,0.92356,0.40672,0.30638,0.06146
Algeria,2015,68,5.605,0.93929,1.07772,0.61766,0.28579,0.07822,0.17383
Kosovo,2015,69,5.589,0.80148,0.81198,0.63132,0.24749,0.2831,0.04741
Mauritius,2015,71,5.477,1.00761,0.98521,0.7095,0.56066,0.37744,0.07521
Hong Kong,2015,72,5.474,1.38604,1.05818,1.01328,0.59608,0.39478,0.37124
Estonia,2015,73,5.429,1.15174,1.22791,0.77361,0.44888,0.0868,0.15184
Indonesia,2015,74,5.399,0.82827,1.08708,0.63793,0.46611,0.51535,0.0
Vietnam,2015,75,5.36,0.63216,0.91226,0.74676,0.59444,0.1686,0.10441
Turkey,2015,76,5.332,1.06098,0.94632,0.73172,0.22815,0.12253,0.15746
Kyrgyzstan,2015,77,5.286,0.47428,1.15115,0.65088,0.43477,0.3003,0.04232
Nigeria,2015,78,5.268,0.65435,0.90432,0.16007,0.34334,0.27233,0.0403
Pakistan,2015,81,5.194,0.59543,0.41411,0.51466,0.12102,0.33671,0.10464
Jordan,2015,82,5.192,0.90198,1.05392,0.69639,0.40661,0.11053,0.14293
Montenegro,2015,82,5.192,0.97438,0.90557,0.72521,0.1826,0.1614,0.14296
China,2015,84,5.14,0.89012,0.94675,0.81658,0.51697,0.08185,0.02781
Zambia,2015,85,5.129,0.47038,0.91612,0.29924,0.48827,0.19591,0.12468
Romania,2015,86,5.124,1.04345,0.88588,0.7689,0.35068,0.13748,0.00649
Serbia,2015,87,5.123,0.92053,1.00964,0.74836,0.20107,0.19231,0.02617
Portugal,2015,88,5.102,1.15991,1.13935,0.87519,0.51469,0.13719,0.01078
Latvia,2015,89,5.098,1.11312,1.09562,0.72437,0.29671,0.18226,0.06332
Philippines,2015,90,5.073,0.70532,1.03516,0.58114,0.62545,0.24991,0.12279
Morocco,2015,92,5.013,0.73479,0.64095,0.60954,0.41691,0.07172,0.08546
Macedonia,2015,93,5.007,0.91851,1.00232,0.73545,0.33457,0.22359,0.05327
Albania,2015,95,4.959,0.87867,0.80434,0.81325,0.35733,0.14272,0.06413
Bosnia and Herzegovina,2015,96,4.949,0.83223,0.91916,0.79081,0.09245,0.24808,0.00227
Dominican Republic,2015,98,4.885,0.89537,1.17202,0.66825,0.57672,0.21684,0.14234
Mongolia,2015,100,4.874,0.82819,1.3006,0.60268,0.43626,0.3323,0.02666
Greece,2015,102,4.857,1.15406,0.92933,0.88213,0.07699,0.0,0.01397
Lebanon,2015,103,4.839,1.02564,0.80001,0.83947,0.33916,0.21854,0.04582
Hungary,2015,104,4.8,1.12094,1.20215,0.75905,0.32112,0.128,0.02758
Honduras,2015,105,4.788,0.59532,0.95348,0.6951,0.40148,0.23027,0.06825
Tajikistan,2015,106,4.786,0.39047,0.85563,0.57379,0.47216,0.22974,0.15072
Tunisia,2015,107,4.739,0.88113,0.60429,0.73793,0.26268,0.06431,0.06358
Palestine,2015,108,4.715,0.59867,0.92558,0.66015,0.24499,0.11251,0.12905
Bangladesh,2015,109,4.694,0.39753,0.43106,0.60164,0.4082,0.21222,0.12569
Iran,2015,110,4.686,1.0088,0.54447,0.69805,0.30033,0.38086,0.05863
Ukraine,2015,111,4.681,0.79907,1.20278,0.6739,0.25123,0.15275,0.02961
Iraq,2015,112,4.677,0.98549,0.81889,0.60237,0.0,0.17922,0.13788
South Africa,2015,113,4.642,0.92049,1.18468,0.27688,0.33207,0.11973,0.08884
Ghana,2015,114,4.633,0.54558,0.67954,0.40132,0.42342,0.23087,0.04355
Zimbabwe,2015,115,4.61,0.271,1.03276,0.33475,0.25861,0.18987,0.08079
Liberia,2015,116,4.571,0.0712,0.78968,0.34201,0.28531,0.24362,0.06232
India,2015,117,4.565,0.64499,0.38174,0.51529,0.39786,0.26475,0.08492
Nepal,2015,121,4.514,0.35997,0.86449,0.56874,0.38282,0.32296,0.05907
Ethiopia,2015,122,4.512,0.19073,0.60406,0.44055,0.4345,0.24325,0.15048
Sierra Leone,2015,123,4.507,0.33024,0.95571,0.0,0.4084,0.21488,0.08786
Mauritania,2015,124,4.436,0.45407,0.86908,0.35874,0.24232,0.219,0.17461
Kenya,2015,125,4.419,0.36471,0.99876,0.41435,0.42215,0.37542,0.05839
Armenia,2015,127,4.35,0.76821,0.77711,0.7299,0.19847,0.07855,0.039
Botswana,2015,128,4.332,0.99355,1.10464,0.04776,0.49495,0.10461,0.12474
Myanmar,2015,129,4.307,0.27108,0.70905,0.48246,0.44017,0.79588,0.19034
Georgia,2015,130,4.297,0.7419,0.38562,0.72926,0.40577,0.05547,0.38331
Malawi,2015,131,4.292,0.01604,0.41134,0.22562,0.43054,0.33128,0.06977
Sri Lanka,2015,132,4.271,0.83524,1.01905,0.70806,0.53726,0.40828,0.09179
Cameroon,2015,133,4.252,0.4225,0.88767,0.23402,0.49309,0.20618,0.05786
Bulgaria,2015,134,4.218,1.01216,1.10614,0.76649,0.30587,0.11921,0.00872
Egypt,2015,135,4.194,0.8818,0.747,0.61712,0.17288,0.11291,0.06324
Mali,2015,138,3.995,0.26074,1.03526,0.20583,0.38857,0.18798,0.12352
Congo (Brazzaville),2015,139,3.989,0.67866,0.6629,0.31051,0.41466,0.12388,0.11686
Uganda,2015,141,3.931,0.21102,1.13299,0.33861,0.45727,0.29066,0.07267
Senegal,2015,142,3.904,0.36498,0.97619,0.4354,0.36772,0.20843,0.10713
Gabon,2015,143,3.896,1.06024,0.90528,0.43372,0.31914,0.06822,0.11091
Niger,2015,144,3.845,0.0694,0.77265,0.29707,0.47692,0.19387,0.15639
Cambodia,2015,145,3.819,0.46038,0.62736,0.61114,0.66246,0.40359,0.07247
Tanzania,2015,146,3.781,0.2852,1.00268,0.38215,0.32878,0.34377,0.05747
Madagascar,2015,147,3.681,0.20824,0.66801,0.46721,0.19184,0.21333,0.08124
Chad,2015,149,3.667,0.34193,0.76062,0.1501,0.23501,0.18386,0.05269
Guinea,2015,150,3.656,0.17417,0.46475,0.24009,0.37725,0.28657,0.12139
Ivory Coast,2015,151,3.655,0.46534,0.77115,0.15185,0.46866,0.20165,0.17922
Burkina Faso,2015,152,3.587,0.25812,0.85188,0.27125,0.39493,0.21747,0.12832
Afghanistan,2015,153,3.575,0.31982,0.30285,0.30335,0.23414,0.3651,0.09719
Benin,2015,155,3.34,0.28665,0.35386,0.3191,0.4845,0.1826,0.0801
Togo,2015,158,2.839,0.20868,0.13995,0.28443,0.36453,0.16681,0.10731
Denmark,2016,1,7.526,1.44178,1.16374,0.79504,0.57941,0.36171,0.44453
Switzerland,2016,2,7.509,1.52733,1.14524,0.86303,0.58557,0.28083,0.41203
Iceland,2016,3,7.501,1.42666,1.18326,0.86733,0.56624,0.47678,0.14975
Norway,2016,4,7.498,1.57744,1.1269,0.79579,0.59609,0.37895,0.35776
Finland,2016,5,7.413,1.40598,1.13464,0.81091,0.57104,0.25492,0.41004
Canada,2016,6,7.404,1.44015,1.0961,0.8276,0.5737,0.44834,0.31329
Netherlands,2016,7,7.339,1.46468,1.02912,0.81231,0.55211,0.47416,0.29927
New Zealand,2016,8,7.334,1.36066,1.17278,0.83096,0.58147,0.49401,0.41904
Australia,2016,9,7.313,1.44443,1.10476,0.8512,0.56837,0.47407,0.32331
Sweden,2016,10,7.291,1.45181,1.08764,0.83121,0.58218,0.38254,0.40867
Israel,2016,11,7.267,1.33766,0.99537,0.84917,0.36432,0.32288,0.08728
Austria,2016,12,7.119,1.45038,1.08383,0.80565,0.54355,0.32865,0.21348
United States,2016,13,7.104,1.50796,1.04782,0.779,0.48163,0.41077,0.14868
Costa Rica,2016,14,7.087,1.06879,1.02152,0.76146,0.55225,0.22553,0.10547
Germany,2016,16,6.994,1.44787,1.09774,0.81487,0.53466,0.30452,0.28551
Brazil,2016,17,6.952,1.08754,1.03938,0.61415,0.40425,0.15776,0.14166
Belgium,2016,18,6.929,1.42539,1.05249,0.81959,0.51354,0.2424,0.26248
Ireland,2016,19,6.907,1.48341,1.16157,0.81455,0.54008,0.44963,0.29754
Luxembourg,2016,20,6.871,1.69752,1.03999,0.84542,0.5487,0.27571,0.35329
Mexico,2016,21,6.778,1.11508,0.7146,0.71143,0.37709,0.11735,0.18355
Singapore,2016,22,6.739,1.64555,0.86758,0.94719,0.4877,0.32706,0.46987
United Kingdom,2016,23,6.725,1.40283,1.08672,0.80991,0.50036,0.50156,0.27399
Chile,2016,24,6.705,1.2167,0.90587,0.81883,0.37789,0.31595,0.11451
Panama,2016,25,6.701,1.18306,0.98912,0.70835,0.48927,0.2418,0.08423
Argentina,2016,26,6.65,1.15137,1.06612,0.69711,0.42284,0.10989,0.07296
Czech Republic,2016,27,6.596,1.30915,1.00793,0.76376,0.41418,0.09929,0.03986
United Arab Emirates,2016,28,6.573,1.57352,0.87114,0.72993,0.56215,0.26591,0.35561
Uruguay,2016,29,6.545,1.18157,1.03143,0.72183,0.54388,0.18056,0.21394
Malta,2016,30,6.488,1.30782,1.09879,0.80315,0.54994,0.56237,0.17554
Colombia,2016,31,6.481,1.03032,1.02169,0.59659,0.44735,0.15626,0.05399
France,2016,32,6.478,1.39488,1.00508,0.83795,0.46562,0.1216,0.17808
Thailand,2016,33,6.474,1.0893,1.04477,0.64915,0.49553,0.58696,0.02833
Saudi Arabia,2016,34,6.379,1.48953,0.84829,0.59267,0.37904,0.15457,0.30008
Taiwan,2016,34,6.379,1.39729,0.92624,0.79565,0.32377,0.25495,0.0663
Spain,2016,37,6.361,1.34253,1.12945,0.87896,0.37545,0.17665,0.06137
Algeria,2016,38,6.355,1.05266,0.83309,0.61804,0.21006,0.07044,0.16157
Guatemala,2016,39,6.324,0.83454,0.87119,0.54039,0.50379,0.28808,0.08701
Bahrain,2016,42,6.218,1.44024,0.94397,0.65696,0.47375,0.17147,0.25772
Venezuela,2016,44,6.084,1.13367,1.03302,0.61904,0.19847,0.0425,0.08304
Slovakia,2016,45,6.078,1.27973,1.08268,0.70367,0.23391,0.13837,0.02947
El Salvador,2016,46,6.068,0.8737,0.80975,0.596,0.37269,0.08877,0.10613
Malaysia,2016,47,6.005,1.25142,0.88025,0.62366,0.39031,0.41474,0.09081
Nicaragua,2016,48,5.992,0.69384,0.89521,0.65213,0.46582,0.29773,0.16292
Uzbekistan,2016,49,5.987,0.73591,1.1681,0.50163,0.60848,0.34326,0.28333
Italy,2016,50,5.977,1.35495,1.04167,0.85102,0.18827,0.16684,0.02556
Ecuador,2016,51,5.976,0.97306,0.85974,0.68613,0.4027,0.10074,0.18037
Japan,2016,53,5.921,1.38007,1.06054,0.91491,0.46761,0.10224,0.18985
Kazakhstan,2016,54,5.919,1.22943,0.95544,0.57386,0.4052,0.15011,0.11132
Moldova,2016,55,5.897,0.69177,0.83132,0.52309,0.25202,0.19997,0.01903
Russia,2016,56,5.856,1.23228,1.05261,0.58991,0.32682,0.02736,0.03586
Poland,2016,57,5.835,1.24585,1.04685,0.69058,0.4519,0.14443,0.055
South Korea,2016,57,5.835,1.35948,0.72194,0.88645,0.25168,0.18824,0.07716
Bolivia,2016,59,5.822,0.79422,0.83779,0.4697,0.50961,0.21698,0.07746
Lithuania,2016,60,5.813,1.2692,1.06411,0.64674,0.18929,0.02025,0.0182
Slovenia,2016,63,5.768,1.29947,1.05613,0.79151,0.53164,0.25738,0.03635
Peru,2016,64,5.743,0.99602,0.81255,0.62994,0.37502,0.14527,0.05292
Mauritius,2016,66,5.648,1.14372,0.75695,0.66189,0.46145,0.36951,0.05203
Latvia,2016,68,5.56,1.21788,0.95025,0.63952,0.27996,0.17445,0.0889
Cyprus,2016,69,5.546,1.31857,0.70697,0.8488,0.29507,0.27906,0.05228
Paraguay,2016,70,5.538,0.89373,1.11111,0.58295,0.46235,0.25296,0.07396
Romania,2016,71,5.528,1.1697,0.72803,0.67602,0.36712,0.12889,0.00679
Estonia,2016,72,5.517,1.27964,1.05163,0.68098,0.41511,0.08423,0.18519
Jamaica,2016,73,5.51,0.89333,0.96372,0.59469,0.43597,0.22245,0.04294
Croatia,2016,74,5.488,1.18649,0.60809,0.70524,0.23907,0.18434,0.04002
Hong Kong,2016,75,5.458,1.5107,0.87021,0.95277,0.48079,0.40097,0.31647
Kosovo,2016,77,5.401,0.90145,0.66062,0.54,0.14396,0.27992,0.06547
Turkey,2016,78,5.389,1.16492,0.87717,0.64718,0.23889,0.04707,0.12348
Indonesia,2016,79,5.314,0.95104,0.87625,0.49374,0.39237,0.56521,0.00322
Jordan,2016,80,5.303,0.99673,0.86216,0.60712,0.36023,0.14262,0.13297
Philippines,2016,82,5.279,0.81217,0.87877,0.47036,0.54854,0.21674,0.11757
China,2016,83,5.245,1.0278,0.79381,0.73561,0.44012,0.04959,0.02745
Kyrgyzstan,2016,85,5.185,0.56044,0.95434,0.55449,0.40212,0.38432,0.04762
Serbia,2016,86,5.177,1.03437,0.81329,0.6458,0.15718,0.20737,0.04339
Bosnia and Herzegovina,2016,87,5.163,0.93383,0.64367,0.70766,0.09511,0.29889,0.0
Montenegro,2016,88,5.161,1.07838,0.74173,0.63533,0.15111,0.17191,0.12721
Dominican Republic,2016,89,5.155,1.02787,0.99496,0.57669,0.52259,0.21286,0.12372
Morocco,2016,90,5.151,0.84058,0.38595,0.59471,0.25646,0.04053,0.08404
Hungary,2016,91,5.145,1.24142,0.93164,0.67608,0.1977,0.099,0.04472
Pakistan,2016,92,5.132,0.68816,0.26135,0.40306,0.14622,0.31185,0.1388
Lebanon,2016,93,5.129,1.12268,0.64184,0.76171,0.26228,0.23693,0.03061
Portugal,2016,94,5.123,1.27607,0.94367,0.79363,0.44727,0.11691,0.01521
Macedonia,2016,95,5.121,1.0193,0.78236,0.64738,0.27668,0.23507,0.07047
Vietnam,2016,96,5.061,0.74037,0.79117,0.66157,0.55954,0.25075,0.11556
Tunisia,2016,98,5.045,0.97724,0.43165,0.59577,0.23553,0.03936,0.0817
Greece,2016,99,5.033,1.24886,0.75473,0.80029,0.05822,0.0,0.04127
Tajikistan,2016,100,4.996,0.48835,0.75602,0.53119,0.43408,0.25998,0.13509
Mongolia,2016,101,4.907,0.98853,1.08983,0.55469,0.35972,0.34539,0.03285
Nigeria,2016,103,4.875,0.75216,0.64498,0.05108,0.27854,0.23219,0.0305
Honduras,2016,104,4.871,0.69429,0.75596,0.58383,0.26755,0.2044,0.06906
Iran,2016,105,4.813,1.11758,0.38857,0.64232,0.22544,0.38538,0.0557
Zambia,2016,106,4.795,0.61202,0.6376,0.23573,0.42662,0.17866,0.11479
Nepal,2016,107,4.793,0.44626,0.69699,0.50073,0.37012,0.3816,0.07008
Palestine,2016,108,4.754,0.67024,0.71629,0.56844,0.17744,0.11154,0.10613
Albania,2016,109,4.655,0.9553,0.50163,0.73007,0.31866,0.1684,0.05301
Bangladesh,2016,110,4.643,0.54177,0.24749,0.52989,0.39778,0.19132,0.12583
Sierra Leone,2016,111,4.635,0.36485,0.628,0.0,0.30685,0.23897,0.08196
Iraq,2016,112,4.575,1.07474,0.59205,0.51076,0.24856,0.19589,0.13636
Cameroon,2016,114,4.513,0.52497,0.62542,0.12698,0.42736,0.2268,0.06126
Ethiopia,2016,115,4.508,0.29283,0.37932,0.34578,0.36703,0.29522,0.1717
South Africa,2016,116,4.459,1.02416,0.96053,0.18611,0.42483,0.13656,0.08415
Sri Lanka,2016,117,4.415,0.97318,0.84783,0.62007,0.50817,0.46978,0.07964
India,2016,118,4.404,0.74036,0.29247,0.45091,0.40285,0.25028,0.08722
Myanmar,2016,119,4.395,0.34112,0.69981,0.3988,0.42692,0.81971,0.20243
Egypt,2016,120,4.362,0.95395,0.49813,0.52116,0.18847,0.12706,0.10393
Armenia,2016,121,4.36,0.86086,0.62477,0.64083,0.14037,0.07793,0.03616
Kenya,2016,122,4.356,0.52267,0.7624,0.30147,0.40576,0.41328,0.06686
Ukraine,2016,123,4.324,0.87287,1.01413,0.58628,0.12859,0.20363,0.01829
Ghana,2016,124,4.276,0.63107,0.49353,0.29681,0.40973,0.21203,0.0326
Georgia,2016,126,4.252,0.83792,0.19249,0.64035,0.32461,0.06786,0.3188
Congo (Brazzaville),2016,127,4.236,0.77109,0.47799,0.28212,0.37938,0.12077,0.09753
Senegal,2016,128,4.219,0.44314,0.77416,0.40457,0.31056,0.19103,0.11681
Bulgaria,2016,129,4.217,1.11306,0.92542,0.67806,0.21219,0.12793,0.00615
Mauritania,2016,130,4.201,0.61391,0.84142,0.28639,0.1268,0.22686,0.17955
Zimbabwe,2016,131,4.193,0.35041,0.71478,0.1595,0.25429,0.18503,0.08582
Malawi,2016,132,4.156,0.08709,0.147,0.29364,0.4143,0.30968,0.07564
Gabon,2016,134,4.121,1.15851,0.72368,0.3494,0.28098,0.06244,0.09314
Mali,2016,135,4.073,0.31292,0.86333,0.16347,0.27544,0.21064,0.13647
Botswana,2016,137,3.974,1.09426,0.89186,0.34752,0.44089,0.12425,0.10769
Ivory Coast,2016,139,3.916,0.55507,0.57576,0.04476,0.40663,0.20338,0.1553
Cambodia,2016,140,3.907,0.55604,0.5375,0.42494,0.58852,0.40339,0.08092
Niger,2016,142,3.856,0.1327,0.6053,0.26162,0.38041,0.2097,0.17176
Chad,2016,144,3.763,0.42214,0.63178,0.03824,0.12807,0.18667,0.04952
Burkina Faso,2016,145,3.739,0.31995,0.63054,0.21297,0.3337,0.24353,0.12533
Uganda,2016,145,3.739,0.34719,0.90981,0.19625,0.43653,0.27102,0.06442
Madagascar,2016,148,3.695,0.27954,0.46115,0.37109,0.13684,0.2204,0.07506
Tanzania,2016,149,3.666,0.47155,0.77623,0.357,0.3176,0.31472,0.05099
Liberia,2016,150,3.622,0.10706,0.50353,0.23165,0.25748,0.24063,0.04852
Guinea,2016,151,3.607,0.22415,0.3109,0.18829,0.30953,0.29914,0.1192
Benin,2016,153,3.484,0.39499,0.10419,0.21028,0.39747,0.2018,0.06681
Afghanistan,2016,154,3.36,0.38227,0.11037,0.17344,0.1643,0.31268,0.07112
Togo,2016,155,3.303,0.28123,0.0,0.24811,0.34678,0.17517,0.11587
Norway,2017,1,7.537,1.6164632,1.5335236,0.7966665,0.6354226,0.36201224,0.31596383
Denmark,2017,2,7.522,1.482383,1.5511216,0.7925655,0.6260067,0.3552805,0.40077007
Iceland,2017,3,7.504,1.480633,1.610574,0.8335521,0.62716264,0.47554022,0.15352656
Switzerland,2017,4,7.494,1.5649796,1.5169117,0.8581313,0.6200706,0.29054928,0.3670073
Finland,2017,5,7.469,1.4435719,1.5402467,0.80915767,0.61795086,0.24548277,0.38261154
Netherlands,2017,6,7.377,1.5039446,1.4289392,0.8106961,0.5853845,0.47048983,0.28266183
Canada,2017,7,7.316,1.4792044,1.481349,0.83455765,0.6111009,0.43553972,0.28737152
New Zealand,2017,8,7.314,1.405706,1.5481951,0.8167597,0.61406213,0.5000051,0.3828167
Sweden,2017,9,7.284,1.4943873,1.4781622,0.83087516,0.6129241,0.38539925,0.38439873
Australia,2017,10,7.284,1.4844149,1.510042,0.8438868,0.6016074,0.47769925,0.30118373
Israel,2017,11,7.213,1.3753824,1.37629,0.838404,0.4059886,0.33008265,0.0852421
Costa Rica,2017,12,7.079,1.1097063,1.4164037,0.75950927,0.58013165,0.21461323,0.10010659
Austria,2017,13,7.006,1.4870973,1.459945,0.8153284,0.5677662,0.31647232,0.22106037
United States,2017,14,6.993,1.5462593,1.4199206,0.7742866,0.5057405,0.39257878,0.13563879
Ireland,2017,15,6.977,1.5357066,1.5582311,0.8097826,0.57311034,0.42785832,0.29838815
Germany,2017,16,6.951,1.4879234,1.4725204,0.79895073,0.5625114,0.33626917,0.27673194
Belgium,2017,17,6.891,1.4637808,1.4623127,0.81809187,0.5397707,0.23150334,0.25134313
Luxembourg,2017,18,6.863,1.7419436,1.4575837,0.8450895,0.5966279,0.28318098,0.31883442
United Kingdom,2017,19,6.714,1.4416339,1.4964601,0.80533594,0.50819004,0.49277416,0.26542807
Chile,2017,20,6.652,1.2527846,1.284025,0.8194797,0.37689528,0.32666242,0.08228798
United Arab Emirates,2017,21,6.648,1.6263434,1.2664102,0.72679824,0.60834527,0.36094195,0.32448956
Brazil,2017,22,6.635,1.1073532,1.431306,0.61655235,0.43745375,0.1623499,0.11109276
Czech Republic,2017,23,6.609,1.3526824,1.4338852,0.754444,0.49094617,0.08810676,0.036872927
Argentina,2017,24,6.599,1.1852955,1.4404511,0.6951371,0.4945192,0.10945706,0.059739888
Mexico,2017,25,6.578,1.1531838,1.2108622,0.709979,0.41273,0.12099043,0.13277411
Singapore,2017,26,6.572,1.6922777,1.3538144,0.9494924,0.54984057,0.34596598,0.46430779
Malta,2017,27,6.527,1.3432798,1.4884117,0.82194424,0.58876705,0.5747306,0.15306607
Uruguay,2017,28,6.454,1.2175597,1.4122279,0.7192168,0.57939225,0.17509693,0.17806187
Guatemala,2017,29,6.454,0.87200195,1.2555852,0.54024,0.5313106,0.2834884,0.07722328
Panama,2017,30,6.452,1.2337484,1.3731925,0.70615613,0.55002683,0.21055694,0.070983924
France,2017,31,6.442,1.4309235,1.3877769,0.84446585,0.47022212,0.1297623,0.17250243
Thailand,2017,32,6.424,1.1278688,1.4257925,0.647239,0.58020073,0.5721231,0.031612735
Taiwan,2017,33,6.422,1.4336265,1.3845654,0.79398423,0.3614666,0.25836048,0.063829236
Spain,2017,34,6.403,1.3843979,1.5320909,0.8889606,0.40878123,0.19013357,0.0709141
Colombia,2017,36,6.357,1.0706223,1.4021829,0.5950279,0.47748742,0.14901447,0.04666874
Saudi Arabia,2017,37,6.344,1.5306236,1.2866776,0.5901483,0.44975057,0.14761601,0.27343225
Slovakia,2017,40,6.098,1.3253936,1.5050592,0.7127329,0.29581746,0.13654448,0.024210852
Bahrain,2017,41,6.087,1.4884123,1.3231105,0.65313303,0.5367469,0.17266849,0.25704217
Malaysia,2017,42,6.084,1.2912154,1.284646,0.6187844,0.40226498,0.41660893,0.06560071
Nicaragua,2017,43,6.071,0.7372992,1.2872157,0.65309596,0.44755185,0.30167422,0.13068798
Ecuador,2017,44,6.008,1.0008204,1.2861688,0.6856362,0.4551982,0.15011247,0.14013465
El Salvador,2017,45,6.003,0.9097845,1.1821251,0.59601855,0.43245253,0.078257985,0.08998096
Poland,2017,46,5.973,1.2917879,1.445712,0.69947535,0.5203421,0.15846597,0.059307806
Uzbekistan,2017,47,5.971,0.7864411,1.5489691,0.49827263,0.65824866,0.41598365,0.24652822
Italy,2017,48,5.964,1.3950666,1.4449233,0.85314435,0.2564507,0.17278965,0.028028091
Russia,2017,49,5.963,1.2817781,1.4692824,0.54734933,0.3737831,0.052263822,0.03296288
Japan,2017,51,5.92,1.4169152,1.4363378,0.9134759,0.50562555,0.12057277,0.16376074
Lithuania,2017,52,5.902,1.3145823,1.4735161,0.62894994,0.23423178,0.010164657,0.011865643
Algeria,2017,53,5.872,1.0918645,1.1462175,0.61758465,0.23333581,0.06943665,0.14609611
Latvia,2017,54,5.85,1.2607486,1.404715,0.638567,0.3257079,0.15307479,0.07384273
South Korea,2017,55,5.838,1.4016784,1.1282744,0.9002141,0.25792167,0.20667437,0.06328267
Moldova,2017,56,5.838,0.72887063,1.2518256,0.5894652,0.24072905,0.20877913,0.010091286
Romania,2017,57,5.825,1.2176839,1.1500913,0.6851583,0.45700374,0.13351992,0.004387901
Bolivia,2017,58,5.823,0.83375657,1.227619,0.47363025,0.5587329,0.22556072,0.060477726
Kazakhstan,2017,60,5.819,1.2845563,1.384369,0.60604155,0.43745428,0.20196442,0.11928289
Slovenia,2017,62,5.758,1.341206,1.4525188,0.7908282,0.5725758,0.2426491,0.04512898
Peru,2017,63,5.715,1.0352253,1.2187704,0.6301661,0.45000288,0.12681971,0.047049087
Mauritius,2017,64,5.629,1.1893955,1.209561,0.63800746,0.49124733,0.36093375,0.042181555
Cyprus,2017,65,5.621,1.3559381,1.1313633,0.8447147,0.35511154,0.2712543,0.041237976
Estonia,2017,66,5.611,1.3208793,1.4766711,0.6951683,0.47913143,0.09889081,0.18324892
Turkey,2017,69,5.5,1.1982744,1.3377532,0.6376056,0.3007406,0.046693042,0.09967158
Paraguay,2017,70,5.493,0.9325373,1.5072849,0.5792507,0.4735078,0.22415066,0.09106591
Hong Kong,2017,71,5.472,1.5516748,1.2627909,0.9430624,0.49096864,0.3744658,0.29393375
Philippines,2017,72,5.43,0.8576992,1.2539176,0.46800905,0.5852147,0.19351342,0.09933189
Serbia,2017,73,5.395,1.0693176,1.2581898,0.6507847,0.20871553,0.22012588,0.04090378
Jordan,2017,74,5.336,0.9910124,1.2390889,0.60459006,0.41842115,0.17217046,0.11980327
Hungary,2017,75,5.324,1.2860119,1.3431331,0.68776345,0.17586352,0.07840166,0.036636937
Jamaica,2017,76,5.311,0.9255793,1.3682181,0.6410224,0.47430724,0.23381834,0.05526778
Croatia,2017,77,5.293,1.2225562,0.967983,0.7012885,0.2557723,0.24800298,0.04310311
Kosovo,2017,78,5.279,0.9514844,1.1378535,0.54145205,0.26028794,0.31993145,0.057471618
China,2017,79,5.273,1.0811658,1.1608374,0.7414155,0.4727877,0.028806841,0.022794275
Pakistan,2017,80,5.269,0.72688353,0.6726907,0.40204778,0.23521526,0.31544602,0.12434807
Indonesia,2017,81,5.262,0.9955386,1.2744447,0.49234572,0.44332346,0.6117046,0.015317135
Venezuela,2017,82,5.25,1.1284312,1.4313376,0.6171442,0.15399712,0.06501963,0.06449112
Montenegro,2017,83,5.237,1.121129,1.2383765,0.6674647,0.19498906,0.19791102,0.088174194
Morocco,2017,84,5.235,0.8781146,0.77486444,0.59771067,0.40815833,0.032209955,0.08776318
Dominican Republic,2017,86,5.23,1.0793738,1.4024167,0.57487375,0.55258983,0.18696785,0.11394525
Greece,2017,87,5.227,1.2894875,1.2394146,0.8101989,0.09573125,0.0,0.043289777
Lebanon,2017,88,5.225,1.0749875,1.1296242,0.7350811,0.28851599,0.26445076,0.03751383
Portugal,2017,89,5.195,1.3151753,1.367043,0.79584354,0.4984653,0.09510271,0.015869452
Bosnia and Herzegovina,2017,90,5.182,0.9824094,1.0693359,0.7051863,0.20440318,0.3288675,0.0
Honduras,2017,91,5.181,0.7305731,1.143945,0.5825695,0.34807986,0.23618887,0.07334545
Macedonia,2017,92,5.175,1.0645779,1.207893,0.6449482,0.32590598,0.25376096,0.060277794
Vietnam,2017,94,5.074,0.7885476,1.2774913,0.652169,0.5710556,0.23496805,0.08763324
Nigeria,2017,95,5.074,0.78375626,1.2157705,0.05691573,0.39495257,0.2309472,0.026121566
Tajikistan,2017,96,5.041,0.52471364,1.2714633,0.5292351,0.4715667,0.24899764,0.14637715
Kyrgyzstan,2017,98,5.004,0.5962201,1.3942386,0.5534578,0.4549434,0.42858037,0.03943918
Nepal,2017,99,4.962,0.4798202,1.1792833,0.5041308,0.44030595,0.39409617,0.072975546
Mongolia,2017,100,4.955,1.0272359,1.4930112,0.5577835,0.39414397,0.33846423,0.03290229
South Africa,2017,101,4.829,1.0546987,1.3847886,0.18708007,0.47924674,0.13936238,0.0725095
Tunisia,2017,102,4.805,1.0072658,0.86835146,0.61321205,0.2896807,0.049693357,0.08672315
Palestine,2017,103,4.775,0.7162492,1.1556472,0.565667,0.25471106,0.114173174,0.0892826
Egypt,2017,104,4.735,0.9897018,0.9974714,0.52018726,0.28211015,0.12863144,0.114381365
Bulgaria,2017,105,4.714,1.1614591,1.4343795,0.7082177,0.28923172,0.113177694,0.011051531
Sierra Leone,2017,106,4.709,0.36842093,0.98413604,0.005564754,0.3186977,0.2930409,0.071095176
Cameroon,2017,107,4.695,0.56430537,0.9460182,0.13289212,0.43038875,0.23629846,0.05130663
Iran,2017,108,4.692,1.1568731,0.71155125,0.6393332,0.24932261,0.3872429,0.048761073
Albania,2017,109,4.644,0.99619275,0.80368525,0.73115975,0.38149863,0.20131294,0.039864216
Bangladesh,2017,110,4.608,0.586683,0.73513174,0.53324103,0.47835666,0.17225535,0.12371786
Kenya,2017,112,4.553,0.56047946,1.0679507,0.30998835,0.45276377,0.4448603,0.06464132
Myanmar,2017,114,4.545,0.36711055,1.123236,0.39752257,0.51449203,0.83807516,0.1888162
Senegal,2017,115,4.535,0.47930902,1.1796919,0.40936285,0.37792227,0.1834689,0.11546045
Zambia,2017,116,4.514,0.6364068,1.0031873,0.2578359,0.4616035,0.24958014,0.07821355
Iraq,2017,117,4.497,1.1027105,0.9786132,0.50118047,0.28855553,0.19963726,0.107215755
Gabon,2017,118,4.465,1.1982102,1.1556202,0.3565786,0.31232858,0.04378538,0.07604679
Ethiopia,2017,119,4.46,0.33923385,0.8646692,0.3534097,0.40884274,0.31265074,0.16545571
Sri Lanka,2017,120,4.44,1.0098501,1.2599764,0.62513083,0.56121325,0.49086356,0.073653966
Armenia,2017,121,4.376,0.90059674,1.0074837,0.6375244,0.19830327,0.08348809,0.026674422
India,2017,122,4.315,0.79222125,0.7543726,0.45542762,0.469987,0.23153849,0.092226885
Mauritania,2017,123,4.292,0.6484573,1.2720308,0.28534928,0.09609804,0.20187002,0.136957
Congo (Brazzaville),2017,124,4.291,0.80896425,0.83204436,0.28995743,0.43502587,0.12085213,0.07961813
Georgia,2017,125,4.286,0.95061266,0.57061493,0.649547,0.30941004,0.054008815,0.25166664
Mali,2017,127,4.19,0.4761805,1.2814734,0.16936567,0.30661374,0.1833542,0.10497025
Ivory Coast,2017,128,4.18,0.6030489,0.90478003,0.04864217,0.4477062,0.20123747,0.13006178
Cambodia,2017,129,4.168,0.6017651,1.0062383,0.4297834,0.6333758,0.38592297,0.06810595
Ghana,2017,131,4.12,0.6672248,0.87366474,0.29563773,0.4230263,0.25692394,0.02533637
Ukraine,2017,132,4.096,0.89465195,1.3945376,0.57590395,0.122974776,0.27006146,0.02302947
Uganda,2017,133,4.081,0.38143072,1.1298277,0.2176326,0.44318596,0.32576606,0.05706972
Burkina Faso,2017,134,4.032,0.3502277,1.04328,0.21584426,0.32436785,0.25086468,0.120328106
Niger,2017,135,4.028,0.16192533,0.993025,0.268505,0.3636587,0.22867385,0.13857295
Malawi,2017,136,3.97,0.23344204,0.51256883,0.31508958,0.46691465,0.28717047,0.072711654
Chad,2017,137,3.936,0.438013,0.9538559,0.041134715,0.16234203,0.21611385,0.053581882
Zimbabwe,2017,138,3.875,0.37584653,1.0830959,0.19676375,0.3363842,0.1891435,0.09537538
Afghanistan,2017,141,3.794,0.40147722,0.5815433,0.18074678,0.10617952,0.31187093,0.06115783
Botswana,2017,142,3.766,1.1220942,1.221555,0.3417555,0.50519633,0.09934845,0.0985832
Benin,2017,143,3.657,0.4310854,0.43529984,0.20993021,0.42596278,0.20794846,0.060929015
Madagascar,2017,144,3.644,0.3058087,0.9130204,0.3752233,0.18919677,0.20873253,0.067231975
Liberia,2017,148,3.533,0.11904179,0.87211794,0.2299182,0.33288118,0.2665499,0.03894825
Guinea,2017,149,3.507,0.24454993,0.7912447,0.19412914,0.3485875,0.2648151,0.11093762
Togo,2017,150,3.495,0.30544472,0.43188253,0.24710557,0.38042614,0.19689615,0.095665015
Tanzania,2017,153,3.349,0.5111359,1.0419898,0.36450928,0.39001778,0.35425636,0.06603511
Finland,2018,1,7.632,1.305,1.592,0.874,0.681,0.202,0.393
Norway,2018,2,7.594,1.456,1.582,0.861,0.686,0.286,0.34
Denmark,2018,3,7.555,1.351,1.59,0.868,0.683,0.284,0.408
Iceland,2018,4,7.495,1.343,1.644,0.914,0.677,0.353,0.138
Switzerland,2018,5,7.487,1.42,1.549,0.927,0.66,0.256,0.357
Netherlands,2018,6,7.441,1.361,1.488,0.878,0.638,0.333,0.295
Canada,2018,7,7.328,1.33,1.532,0.896,0.653,0.321,0.291
New Zealand,2018,8,7.324,1.268,1.601,0.876,0.669,0.365,0.389
Sweden,2018,9,7.314,1.355,1.501,0.913,0.659,0.285,0.383
Australia,2018,10,7.272,1.34,1.573,0.91,0.647,0.361,0.302
United Kingdom,2018,11,7.19,1.244,1.433,0.888,0.464,0.262,0.082
Austria,2018,12,7.139,1.341,1.504,0.891,0.617,0.242,0.224
Costa Rica,2018,13,7.072,1.01,1.459,0.817,0.632,0.143,0.101
Ireland,2018,14,6.977,1.448,1.583,0.876,0.614,0.307,0.306
Germany,2018,15,6.965,1.34,1.474,0.861,0.586,0.273,0.28
Belgium,2018,16,6.927,1.324,1.483,0.894,0.583,0.188,0.24
Luxembourg,2018,17,6.91,1.576,1.52,0.896,0.632,0.196,0.321
United States,2018,18,6.886,1.398,1.471,0.819,0.547,0.291,0.133
Israel,2018,19,6.814,1.301,1.559,0.883,0.533,0.354,0.272
United Arab Emirates,2018,20,6.774,2.096,0.776,0.67,0.284,0.186,0.253245
Czech Republic,2018,21,6.711,1.233,1.489,0.854,0.543,0.064,0.034
Malta,2018,22,6.627,1.27,1.525,0.884,0.645,0.376,0.142
France,2018,23,6.489,1.293,1.466,0.908,0.52,0.098,0.176
Mexico,2018,24,6.488,1.038,1.252,0.761,0.479,0.069,0.095
Chile,2018,25,6.476,1.131,1.331,0.808,0.431,0.197,0.061
Taiwan,2018,26,6.441,1.365,1.436,0.857,0.418,0.151,0.078
Panama,2018,27,6.43,1.112,1.438,0.759,0.597,0.125,0.063
Brazil,2018,28,6.419,0.986,1.474,0.675,0.493,0.11,0.088
Argentina,2018,29,6.388,1.073,1.468,0.744,0.57,0.062,0.054
Guatemala,2018,30,6.382,0.781,1.268,0.608,0.604,0.179,0.071
Uruguay,2018,31,6.379,1.093,1.459,0.771,0.625,0.13,0.155
Saudi Arabia,2018,33,6.371,1.379,1.331,0.633,0.509,0.098,0.127
Singapore,2018,34,6.343,1.529,1.451,1.008,0.631,0.261,0.457
Malaysia,2018,35,6.322,1.161,1.258,0.669,0.356,0.311,0.059
Spain,2018,36,6.31,1.251,1.538,0.965,0.449,0.142,0.074
Colombia,2018,37,6.26,0.96,1.439,0.635,0.531,0.099,0.039
Slovakia,2018,39,6.173,1.21,1.537,0.776,0.354,0.118,0.014
El Salvador,2018,40,6.167,0.806,1.231,0.639,0.461,0.065,0.082
Nicaragua,2018,41,6.141,0.668,1.319,0.7,0.527,0.208,0.128
Poland,2018,42,6.123,1.176,1.448,0.781,0.546,0.108,0.064
Bahrain,2018,43,6.105,1.338,1.366,0.698,0.594,0.243,0.123
Uzbekistan,2018,44,6.096,0.719,1.584,0.605,0.724,0.328,0.259
Thailand,2018,46,6.072,1.016,1.417,0.707,0.637,0.364,0.029
Italy,2018,47,6.0,1.264,1.501,0.946,0.281,0.137,0.028
Ecuador,2018,48,5.973,0.889,1.33,0.736,0.556,0.114,0.12
Lithuania,2018,50,5.952,1.197,1.527,0.716,0.35,0.026,0.006
Slovenia,2018,51,5.948,1.219,1.506,0.856,0.633,0.16,0.051
Romania,2018,52,5.945,1.116,1.219,0.726,0.528,0.088,0.001
Latvia,2018,53,5.933,1.148,1.454,0.671,0.363,0.092,0.066
Japan,2018,54,5.915,1.294,1.462,0.988,0.553,0.079,0.15
Mauritius,2018,55,5.891,1.09,1.387,0.684,0.584,0.245,0.05
Jamaica,2018,56,5.89,0.819,1.493,0.693,0.575,0.096,0.031
South Korea,2018,57,5.875,1.266,1.204,0.955,0.244,0.175,0.051
Russia,2018,59,5.81,1.151,1.479,0.599,0.399,0.065,0.025
Kazakhstan,2018,60,5.79,1.143,1.516,0.631,0.454,0.148,0.121
Cyprus,2018,61,5.762,1.229,1.191,0.909,0.423,0.202,0.035
Bolivia,2018,62,5.752,0.751,1.223,0.508,0.606,0.141,0.054
Estonia,2018,63,5.739,1.2,1.532,0.737,0.553,0.086,0.174
Paraguay,2018,64,5.681,0.835,1.522,0.615,0.541,0.162,0.074
Peru,2018,65,5.663,0.934,1.249,0.674,0.53,0.092,0.034
Kosovo,2018,66,5.662,0.855,1.23,0.578,0.448,0.274,0.023
Moldova,2018,67,5.64,0.657,1.301,0.62,0.232,0.171,0.0
Hungary,2018,69,5.62,1.171,1.401,0.732,0.259,0.061,0.022
Philippines,2018,71,5.524,0.775,1.312,0.513,0.643,0.12,0.105
Honduras,2018,72,5.504,0.62,1.205,0.622,0.459,0.197,0.074
Turkey,2018,74,5.483,1.148,1.38,0.686,0.324,0.106,0.109
Pakistan,2018,75,5.472,0.652,0.81,0.424,0.334,0.216,0.113
Hong Kong,2018,76,5.43,1.405,1.29,1.03,0.524,0.246,0.291
Portugal,2018,77,5.41,1.188,1.429,0.884,0.562,0.055,0.017
Serbia,2018,78,5.398,0.975,1.369,0.685,0.288,0.134,0.043
Greece,2018,79,5.358,1.154,1.202,0.879,0.131,0.0,0.044
Lebanon,2018,80,5.358,0.965,1.179,0.785,0.503,0.214,0.136
Montenegro,2018,81,5.347,1.017,1.279,0.729,0.259,0.111,0.081
Croatia,2018,82,5.321,1.115,1.161,0.737,0.38,0.12,0.039
Dominican Republic,2018,83,5.302,0.982,1.441,0.614,0.578,0.12,0.106
Algeria,2018,84,5.295,0.979,1.154,0.687,0.077,0.055,0.135
Morocco,2018,85,5.254,0.779,0.797,0.669,0.46,0.026,0.074
China,2018,86,5.246,0.989,1.142,0.799,0.597,0.029,0.103
Tajikistan,2018,88,5.199,0.474,1.166,0.598,0.292,0.187,0.034
Macedonia,2018,89,5.185,0.959,1.239,0.691,0.394,0.173,0.052
Jordan,2018,90,5.161,0.822,1.265,0.645,0.468,0.13,0.134
Nigeria,2018,91,5.155,0.689,1.172,0.048,0.462,0.201,0.032
Kyrgyzstan,2018,92,5.131,0.53,1.416,0.594,0.54,0.281,0.035
Bosnia and Herzegovina,2018,93,5.129,0.915,1.078,0.758,0.28,0.216,0.0
Mongolia,2018,94,5.125,0.914,1.517,0.575,0.395,0.253,0.032
Vietnam,2018,95,5.103,0.715,1.365,0.702,0.618,0.177,0.079
Indonesia,2018,96,5.093,0.899,1.215,0.522,0.538,0.484,0.018
Cameroon,2018,99,4.975,0.535,0.891,0.182,0.454,0.183,0.043
Bulgaria,2018,100,4.933,1.054,1.515,0.712,0.359,0.064,0.009
Nepal,2018,101,4.88,0.425,1.228,0.539,0.526,0.302,0.078
Venezuela,2018,102,4.806,0.996,1.469,0.657,0.133,0.056,0.052
Gabon,2018,103,4.758,1.036,1.164,0.404,0.356,0.032,0.052
Palestine,2018,104,4.743,0.642,1.217,0.602,0.266,0.086,0.076
South Africa,2018,105,4.724,0.94,1.41,0.33,0.516,0.103,0.056
Iran,2018,106,4.707,1.059,0.771,0.691,0.459,0.282,0.129
Ivory Coast,2018,107,4.671,0.541,0.872,0.08,0.467,0.146,0.103
Ghana,2018,108,4.657,0.592,0.896,0.337,0.499,0.212,0.029
Senegal,2018,109,4.631,0.429,1.117,0.433,0.406,0.138,0.082
Tunisia,2018,111,4.592,0.9,0.906,0.69,0.271,0.04,0.063
Albania,2018,112,4.586,0.916,0.817,0.79,0.419,0.149,0.032
Sierra Leone,2018,113,4.571,0.256,0.813,0.0,0.355,0.238,0.053
Congo (Brazzaville),2018,114,4.559,0.682,0.811,0.343,0.514,0.091,0.077
Bangladesh,2018,115,4.5,0.532,0.85,0.579,0.58,0.153,0.144
Sri Lanka,2018,116,4.471,0.918,1.314,0.672,0.585,0.307,0.05
Iraq,2018,117,4.456,1.01,0.971,0.536,0.304,0.148,0.095
Mali,2018,118,4.447,0.37,1.233,0.152,0.367,0.139,0.056
Cambodia,2018,120,4.433,0.549,1.088,0.457,0.696,0.256,0.065
Burkina Faso,2018,121,4.424,0.314,1.097,0.254,0.312,0.175,0.128
Egypt,2018,122,4.419,0.885,1.025,0.553,0.312,0.092,0.107
Kenya,2018,124,4.41,0.493,1.048,0.454,0.504,0.352,0.055
Zambia,2018,125,4.377,0.562,1.047,0.295,0.503,0.221,0.082
Mauritania,2018,126,4.356,0.557,1.245,0.292,0.129,0.134,0.093
Ethiopia,2018,127,4.35,0.308,0.95,0.391,0.452,0.22,0.146
Georgia,2018,128,4.34,0.853,0.592,0.643,0.375,0.038,0.215
Armenia,2018,129,4.321,0.816,0.99,0.666,0.26,0.077,0.028
Myanmar,2018,130,4.308,0.682,1.174,0.429,0.58,0.598,0.178
Chad,2018,131,4.301,0.358,0.907,0.053,0.189,0.181,0.06
India,2018,133,4.19,0.721,0.747,0.485,0.539,0.172,0.093
Niger,2018,134,4.166,0.131,0.867,0.221,0.39,0.175,0.099
Uganda,2018,135,4.161,0.322,1.09,0.237,0.45,0.259,0.061
Benin,2018,136,4.141,0.378,0.372,0.24,0.44,0.163,0.067
Ukraine,2018,138,4.103,0.793,1.413,0.609,0.163,0.187,0.011
Togo,2018,139,3.999,0.259,0.474,0.253,0.434,0.158,0.101
Guinea,2018,140,3.964,0.344,0.792,0.211,0.394,0.185,0.094
Madagascar,2018,143,3.774,0.262,0.908,0.402,0.221,0.155,0.049
Zimbabwe,2018,144,3.692,0.357,1.094,0.248,0.406,0.132,0.099
Afghanistan,2018,145,3.632,0.332,0.537,0.255,0.085,0.191,0.036
Botswana,2018,146,3.59,1.017,1.174,0.417,0.557,0.042,0.092
Malawi,2018,147,3.587,0.186,0.541,0.306,0.531,0.21,0.08
Liberia,2018,149,3.495,0.076,0.858,0.267,0.419,0.206,0.03
Tanzania,2018,153,3.303,0.455,0.991,0.381,0.481,0.27,0.097
Finland,2019,1,7.769,1.34,1.587,0.986,0.596,0.153,0.393
Denmark,2019,2,7.6,1.383,1.573,0.996,0.592,0.252,0.41
Norway,2019,3,7.554,1.488,1.582,1.028,0.603,0.271,0.341
Iceland,2019,4,7.494,1.38,1.624,1.026,0.591,0.354,0.118
Netherlands,2019,5,7.488,1.396,1.522,0.999,0.557,0.322,0.298
Switzerland,2019,6,7.48,1.452,1.526,1.052,0.572,0.263,0.343
Sweden,2019,7,7.343,1.387,1.487,1.009,0.574,0.267,0.373
New Zealand,2019,8,7.307,1.303,1.557,1.026,0.585,0.33,0.38
Canada,2019,9,7.278,1.365,1.505,1.039,0.584,0.285,0.308
Austria,2019,10,7.246,1.376,1.475,1.016,0.532,0.244,0.226
Australia,2019,11,7.228,1.372,1.548,1.036,0.557,0.332,0.29
Costa Rica,2019,12,7.167,1.034,1.441,0.963,0.558,0.144,0.093
Israel,2019,13,7.139,1.276,1.455,1.029,0.371,0.261,0.082
Luxembourg,2019,14,7.09,1.609,1.479,1.012,0.526,0.194,0.316
United Kingdom,2019,15,7.054,1.333,1.538,0.996,0.45,0.348,0.278
Ireland,2019,16,7.021,1.499,1.553,0.999,0.516,0.298,0.31
Germany,2019,17,6.985,1.373,1.454,0.987,0.495,0.261,0.265
Belgium,2019,18,6.923,1.356,1.504,0.986,0.473,0.16,0.21
United States,2019,19,6.892,1.433,1.457,0.874,0.454,0.28,0.128
Czech Republic,2019,20,6.852,1.269,1.487,0.92,0.457,0.046,0.036
United Arab Emirates,2019,21,6.825,1.503,1.31,0.825,0.598,0.262,0.182
Malta,2019,22,6.726,1.3,1.52,0.999,0.564,0.375,0.151
Mexico,2019,23,6.595,1.07,1.323,0.861,0.433,0.074,0.073
France,2019,24,6.592,1.324,1.472,1.045,0.436,0.111,0.183
Taiwan,2019,25,6.446,1.368,1.43,0.914,0.351,0.242,0.097
Chile,2019,26,6.444,1.159,1.369,0.92,0.357,0.187,0.056
Guatemala,2019,27,6.436,0.8,1.269,0.746,0.535,0.175,0.078
Saudi Arabia,2019,28,6.375,1.403,1.357,0.795,0.439,0.08,0.132
Spain,2019,30,6.354,1.286,1.484,1.062,0.362,0.153,0.079
Panama,2019,31,6.321,1.149,1.442,0.91,0.516,0.109,0.054
Brazil,2019,32,6.3,1.004,1.439,0.802,0.39,0.099,0.086
Uruguay,2019,33,6.293,1.124,1.465,0.891,0.523,0.127,0.15
Singapore,2019,34,6.262,1.572,1.463,1.141,0.556,0.271,0.453
El Salvador,2019,35,6.253,0.794,1.242,0.789,0.43,0.093,0.074
Italy,2019,36,6.223,1.294,1.488,1.039,0.231,0.158,0.03
Bahrain,2019,37,6.199,1.362,1.368,0.871,0.536,0.255,0.11
Slovakia,2019,38,6.198,1.246,1.504,0.881,0.334,0.121,0.014
Poland,2019,40,6.182,1.206,1.438,0.884,0.483,0.117,0.05
Uzbekistan,2019,41,6.174,0.745,1.529,0.756,0.631,0.322,0.24
Lithuania,2019,42,6.149,1.238,1.515,0.818,0.291,0.043,0.042
Colombia,2019,43,6.125,0.985,1.41,0.841,0.47,0.099,0.034
Slovenia,2019,44,6.118,1.258,1.523,0.953,0.564,0.144,0.057
Nicaragua,2019,45,6.105,0.694,1.325,0.835,0.435,0.2,0.127
Kosovo,2019,46,6.1,0.882,1.232,0.758,0.489,0.262,0.006
Argentina,2019,47,6.086,1.092,1.432,0.881,0.471,0.066,0.05
Romania,2019,48,6.07,1.162,1.232,0.825,0.462,0.083,0.005
Cyprus,2019,49,6.046,1.263,1.223,1.042,0.406,0.19,0.041
Ecuador,2019,50,6.028,0.912,1.312,0.868,0.498,0.126,0.087
Thailand,2019,52,6.008,1.05,1.409,0.828,0.557,0.359,0.028
Latvia,2019,53,5.94,1.187,1.465,0.812,0.264,0.075,0.064
South Korea,2019,54,5.895,1.301,1.219,1.036,0.159,0.175,0.056
Estonia,2019,55,5.893,1.237,1.528,0.874,0.495,0.103,0.161
Jamaica,2019,56,5.89,0.831,1.478,0.831,0.49,0.107,0.028
Mauritius,2019,57,5.888,1.12,1.402,0.798,0.498,0.215,0.06
Japan,2019,58,5.886,1.327,1.419,1.088,0.445,0.069,0.14
Honduras,2019,59,5.86,0.642,1.236,0.828,0.507,0.246,0.078
Kazakhstan,2019,60,5.809,1.173,1.508,0.729,0.41,0.146,0.096
Bolivia,2019,61,5.779,0.776,1.209,0.706,0.511,0.137,0.064
Hungary,2019,62,5.758,1.201,1.41,0.828,0.199,0.081,0.02
Paraguay,2019,63,5.743,0.855,1.475,0.777,0.514,0.184,0.08
Peru,2019,65,5.697,0.96,1.274,0.854,0.455,0.083,0.027
Portugal,2019,66,5.693,1.221,1.431,0.999,0.508,0.047,0.025
Pakistan,2019,67,5.653,0.677,0.886,0.535,0.313,0.22,0.098
Russia,2019,68,5.648,1.183,1.452,0.726,0.334,0.082,0.031
Philippines,2019,69,5.631,0.807,1.293,0.657,0.558,0.117,0.107
Serbia,2019,70,5.603,1.004,1.383,0.854,0.282,0.137,0.039
Moldova,2019,71,5.529,0.685,1.328,0.739,0.245,0.181,0.0
Montenegro,2019,73,5.523,1.051,1.361,0.871,0.197,0.142,0.08
Tajikistan,2019,74,5.467,0.493,1.098,0.718,0.389,0.23,0.144
Croatia,2019,75,5.432,1.155,1.266,0.914,0.296,0.119,0.022
Hong Kong,2019,76,5.43,1.438,1.277,1.122,0.44,0.258,0.287
Dominican Republic,2019,77,5.425,1.015,1.401,0.779,0.497,0.113,0.101
Bosnia and Herzegovina,2019,78,5.386,0.945,1.212,0.845,0.212,0.263,0.006
Turkey,2019,79,5.373,1.183,1.36,0.808,0.195,0.083,0.106
Malaysia,2019,80,5.339,1.221,1.171,0.828,0.508,0.26,0.024
Greece,2019,82,5.287,1.181,1.156,0.999,0.067,0.0,0.034
Mongolia,2019,83,5.285,0.948,1.531,0.667,0.317,0.235,0.038
Macedonia,2019,84,5.274,0.983,1.294,0.838,0.345,0.185,0.034
Nigeria,2019,85,5.265,0.696,1.111,0.245,0.426,0.215,0.041
Kyrgyzstan,2019,86,5.261,0.551,1.438,0.723,0.508,0.3,0.023
Algeria,2019,88,5.211,1.002,1.16,0.785,0.086,0.073,0.114
Morocco,2019,89,5.208,0.801,0.782,0.782,0.418,0.036,0.076
Lebanon,2019,91,5.197,0.987,1.224,0.815,0.216,0.166,0.027
Indonesia,2019,92,5.192,0.931,1.203,0.66,0.491,0.498,0.028
China,2019,93,5.191,1.029,1.125,0.893,0.521,0.058,0.1
Vietnam,2019,94,5.175,0.741,1.346,0.851,0.543,0.147,0.073
Cameroon,2019,96,5.044,0.549,0.91,0.331,0.381,0.187,0.037
Bulgaria,2019,97,5.011,1.092,1.513,0.815,0.311,0.081,0.004
Ghana,2019,98,4.996,0.611,0.868,0.486,0.381,0.245,0.04
Ivory Coast,2019,99,4.944,0.569,0.808,0.232,0.352,0.154,0.09
Nepal,2019,100,4.913,0.446,1.226,0.677,0.439,0.285,0.089
Jordan,2019,101,4.906,0.837,1.225,0.815,0.383,0.11,0.13
Benin,2019,102,4.883,0.393,0.437,0.397,0.349,0.175,0.082
Congo (Brazzaville),2019,103,4.812,0.673,0.799,0.508,0.372,0.105,0.093
Gabon,2019,104,4.799,1.057,1.183,0.571,0.295,0.043,0.055
South Africa,2019,106,4.722,0.96,1.351,0.469,0.389,0.13,0.055
Albania,2019,107,4.719,0.947,0.848,0.874,0.383,0.178,0.027
Venezuela,2019,108,4.707,0.96,1.427,0.805,0.154,0.064,0.047
Cambodia,2019,109,4.7,0.574,1.122,0.637,0.609,0.232,0.062
Palestine,2019,110,4.696,0.657,1.247,0.672,0.225,0.103,0.066
Senegal,2019,111,4.681,0.45,1.134,0.571,0.292,0.153,0.072
Niger,2019,114,4.628,0.138,0.774,0.366,0.318,0.188,0.102
Burkina Faso,2019,115,4.587,0.331,1.056,0.38,0.255,0.177,0.113
Armenia,2019,116,4.559,0.85,1.055,0.815,0.283,0.095,0.064
Iran,2019,117,4.548,1.1,0.842,0.785,0.305,0.27,0.125
Guinea,2019,118,4.534,0.38,0.829,0.375,0.332,0.207,0.086
Georgia,2019,119,4.519,0.886,0.666,0.752,0.346,0.043,0.164
Kenya,2019,121,4.509,0.512,0.983,0.581,0.431,0.372,0.053
Mauritania,2019,122,4.49,0.57,1.167,0.489,0.066,0.106,0.088
Tunisia,2019,124,4.461,0.921,1.0,0.815,0.167,0.059,0.055
Bangladesh,2019,125,4.456,0.562,0.928,0.723,0.527,0.166,0.143
Iraq,2019,126,4.437,1.043,0.98,0.574,0.241,0.148,0.089
Mali,2019,128,4.39,0.385,1.105,0.308,0.327,0.153,0.052
Sierra Leone,2019,129,4.374,0.268,0.841,0.242,0.309,0.252,0.045
Sri Lanka,2019,130,4.366,0.949,1.265,0.831,0.47,0.244,0.047
Myanmar,2019,131,4.36,0.71,1.181,0.555,0.525,0.566,0.172
Chad,2019,132,4.35,0.35,0.766,0.192,0.174,0.198,0.078
Ukraine,2019,133,4.332,0.82,1.39,0.739,0.178,0.187,0.01
Ethiopia,2019,134,4.286,0.336,1.033,0.532,0.344,0.209,0.1
Uganda,2019,136,4.189,0.332,1.069,0.443,0.356,0.252,0.06
Egypt,2019,137,4.166,0.913,1.039,0.644,0.241,0.076,0.067
Zambia,2019,138,4.107,0.578,1.058,0.426,0.431,0.247,0.087
Togo,2019,139,4.085,0.275,0.572,0.41,0.293,0.177,0.085
India,2019,140,4.015,0.755,0.765,0.588,0.498,0.2,0.085
Liberia,2019,141,3.975,0.073,0.922,0.443,0.37,0.233,0.033
Madagascar,2019,143,3.933,0.274,0.916,0.555,0.148,0.169,0.041
Zimbabwe,2019,146,3.663,0.366,1.114,0.433,0.361,0.151,0.089
Botswana,2019,148,3.488,1.041,1.145,0.538,0.455,0.025,0.1
Malawi,2019,150,3.41,0.191,0.56,0.495,0.443,0.218,0.089
Tanzania,2019,153,3.231,0.476,0.885,0.499,0.417,0.276,0.147
Afghanistan,2019,154,3.203,0.35,0.517,0.361,0.0,0.158,0.025
Finland,2020,1,7.8087,1.2851895,1.4995259,0.9612714,0.66231674,0.15967044,0.47785726
Denmark,2020,2,7.6456,1.3269485,1.5034492,0.97933257,0.6650399,0.2427934,0.49526033
Switzerland,2020,3,7.5599,1.3907743,1.4724034,1.0405332,0.62895447,0.26905575,0.4079459
Iceland,2020,4,7.5045,1.3265016,1.5475675,1.0008434,0.66198075,0.36233023,0.14454077
Norway,2020,5,7.488,1.4242073,1.4951725,1.0080719,0.6702009,0.2879851,0.43410057
Netherlands,2020,6,7.4489,1.3389463,1.4636459,0.97567534,0.6136265,0.33631757,0.36856976
Sweden,2020,7,7.3535,1.3222352,1.4333477,0.98647046,0.6502977,0.2728279,0.44206637
New Zealand,2020,8,7.2996,1.2423179,1.4872184,1.0081383,0.6467899,0.3257262,0.46126828
Austria,2020,9,7.2942,1.3172855,1.4374449,1.0009335,0.6033689,0.25550976,0.28125614
Luxembourg,2020,10,7.2375,1.536676,1.3875284,0.9864427,0.61013705,0.19595392,0.36704147
Canada,2020,11,7.2321,1.3016477,1.4353919,1.022502,0.6440281,0.28152892,0.35170186
Australia,2020,12,7.2228,1.3103964,1.4771463,1.0226077,0.6218772,0.3249736,0.33599642
United Kingdom,2020,13,7.1645,1.273061,1.457845,0.9757001,0.52516866,0.37343344,0.32260165
Israel,2020,14,7.1286,1.2164637,1.4032568,1.008053,0.42069948,0.2668618,0.09989845
Costa Rica,2020,15,7.1214,0.9811077,1.3748536,0.93963534,0.64501774,0.13126631,0.09636209
Ireland,2020,16,7.0937,1.4468868,1.4705964,0.9756707,0.58777994,0.295427,0.37343326
Germany,2020,17,7.0758,1.3141845,1.3685437,0.9721148,0.56427413,0.2520377,0.3093623
United States,2020,18,6.9396,1.3739868,1.4047867,0.831618,0.53460824,0.29814306,0.15228474
Czech Republic,2020,19,6.9109,1.2123224,1.4052867,0.89456445,0.5057446,0.04632593,0.049803223
Belgium,2020,20,6.8635,1.2958428,1.3986776,0.96490115,0.49980542,0.14696616,0.20872405
United Arab Emirates,2020,21,6.7908,1.4310864,1.251171,0.78781444,0.6529361,0.28065598,0.22021352
Malta,2020,22,6.7728,1.2525133,1.4429569,0.972042,0.63323903,0.34118083,0.17886408
France,2020,23,6.6638,1.2681293,1.4588392,1.0297142,0.5140509,0.1126077,0.22730324
Mexico,2020,24,6.465,1.0243875,1.2263335,0.831601,0.55389255,0.083094485,0.08313367
Taiwan,2020,25,6.4554,1.3274705,1.3577607,0.878438,0.4494044,0.1505987,0.13151635
Uruguay,2020,26,6.4401,1.0710005,1.4250811,0.8569289,0.5942671,0.13214369,0.19342507
Saudi Arabia,2020,27,6.4065,1.3343285,1.3099501,0.75981814,0.5484775,0.087440684,0.16332231
Spain,2020,28,6.4009,1.2305353,1.4210992,1.0513431,0.42598382,0.16530548,0.10957978
Guatemala,2020,29,6.3989,0.7538157,1.174267,0.7059526,0.6131467,0.17061166,0.0983603
Italy,2020,30,6.3874,1.2363961,1.347296,1.0225049,0.32130557,0.17026621,0.0401456
Singapore,2020,31,6.3771,1.5195801,1.3954569,1.1378143,0.6353172,0.2187709,0.53316224
Brazil,2020,32,6.3756,0.9526799,1.3634641,0.76611906,0.48329273,0.13167459,0.106518604
Slovenia,2020,33,6.3634,1.2086525,1.4646777,0.93254805,0.64670014,0.1457015,0.07651632
El Salvador,2020,34,6.3483,0.7489404,1.1493976,0.75273,0.5240439,0.1189363,0.11703035
Kosovo,2020,35,6.3252,0.84048134,1.1839628,0.67270917,0.5572804,0.32528687,0.008559024
Panama,2020,36,6.3048,1.0976678,1.3761493,0.87854654,0.5798498,0.09720731,0.054230526
Slovakia,2020,37,6.2806,1.1948377,1.4243312,0.85346526,0.42354253,0.11672977,0.011291441
Uzbekistan,2020,38,6.2576,0.69665295,1.43402,0.7167037,0.6932703,0.36331102,0.28026026
Chile,2020,39,6.2285,1.0969925,1.3232869,0.8892608,0.41748223,0.155579,0.06284935
Bahrain,2020,40,6.2273,1.2966923,1.3153237,0.8388364,0.6103999,0.2874537,0.12669726
Lithuania,2020,41,6.2155,1.1935596,1.4328657,0.7954212,0.4204608,0.05369104,0.081350274
Poland,2020,43,6.1863,1.1692291,1.3103998,0.8680385,0.5579035,0.06337424,0.16054125
Colombia,2020,44,6.1634,0.9322037,1.334451,0.81002015,0.52689004,0.092374094,0.04584837
Cyprus,2020,45,6.159,1.2127994,1.1491708,1.0261246,0.45938587,0.22793233,0.051207144
Nicaragua,2020,46,6.1371,0.62003314,1.2708127,0.80309325,0.5601173,0.21287148,0.17408457
Romania,2020,47,6.1237,1.1204016,1.1944381,0.79229486,0.5348523,0.06818162,0.000829569
Mauritius,2020,49,6.1013,1.073664,1.3956668,0.7633894,0.59083813,0.18689455,0.08408823
Kazakhstan,2020,50,6.0579,1.1225942,1.4532677,0.69878894,0.49743214,0.1537138,0.11046369
Estonia,2020,51,6.0218,1.1924412,1.4532325,0.842615,0.5766648,0.12513675,0.20176682
Philippines,2020,52,6.006,0.7751207,1.2453817,0.6021895,0.62191516,0.12926021,0.13038573
Hungary,2020,53,6.0004,1.1643071,1.4230094,0.80679387,0.3864018,0.07049124,0.027548173
Thailand,2020,54,5.9988,1.0070293,1.3475195,0.79385585,0.6094498,0.376709,0.031837862
Argentina,2020,55,5.9747,1.0284656,1.3725437,0.8497737,0.52084035,0.07010047,0.06041506
Honduras,2020,56,5.9532,0.5987636,1.1866641,0.79199,0.5681481,0.2565282,0.0868071
Latvia,2020,57,5.95,1.1413954,1.4143988,0.7779024,0.3291988,0.075407945,0.090391524
Ecuador,2020,58,5.9252,0.8533836,1.2210276,0.83883774,0.55523455,0.11500648,0.08675338
Portugal,2020,59,5.9109,1.1688008,1.3395303,0.9793153,0.5898952,0.053036947,0.027733466
Jamaica,2020,60,5.8898,0.7790584,1.4082892,0.7884341,0.5531246,0.11626849,0.030147785
South Korea,2020,61,5.8724,1.2453007,1.1335605,1.0225426,0.25935635,0.17030387,0.09459628
Japan,2020,62,5.8708,1.2667241,1.3323387,1.0728813,0.49546587,0.03571178,0.18143964
Peru,2020,63,5.7968,0.9185492,1.208406,0.8244442,0.51321006,0.09161182,0.02703266
Serbia,2020,64,5.7782,0.9881818,1.327449,0.8284033,0.39542842,0.15028289,0.059447147
Bolivia,2020,65,5.7475,0.73097634,1.1423506,0.66244566,0.5744645,0.13837507,0.07294264
Pakistan,2020,66,5.6933,0.6167995,0.8729796,0.46993324,0.40542173,0.22870506,0.12259212
Paraguay,2020,67,5.6921,0.8979908,1.3681976,0.73586965,0.58651006,0.20429924,0.06507738
Dominican Republic,2020,68,5.6892,0.98319185,1.3288889,0.7419017,0.5628739,0.11219678,0.11594568
Bosnia and Herzegovina,2020,69,5.6741,0.91839546,1.2039865,0.8139282,0.30536574,0.26400524,0.001172487
Moldova,2020,70,5.6075,0.7079168,1.2373122,0.71329945,0.3895715,0.17404918,0.014378744
Tajikistan,2020,71,5.5557,0.47487462,1.2183777,0.6805948,0.5211412,0.18241712,0.22177991
Montenegro,2020,72,5.5461,1.0101501,1.2656579,0.8390289,0.30322385,0.14901033,0.09843511
Russia,2020,73,5.546,1.1269996,1.3786441,0.6804459,0.3994996,0.09904192,0.04569936
Kyrgyzstan,2020,74,5.5415,0.513181,1.3410367,0.6806459,0.61461776,0.30137074,0.03046669
Greece,2020,77,5.515,1.1280701,1.1689736,0.97943175,0.17351635,0.0,0.048844352
Hong Kong,2020,78,5.5104,1.376746,1.2435843,1.1366307,0.45935652,0.2882809,0.33248544
Croatia,2020,79,5.5047,1.1090243,1.3112649,0.9005756,0.38145688,0.11399898,0.012325006
Mongolia,2020,81,5.4562,0.9048728,1.4589306,0.61578816,0.35570312,0.26388574,0.046533126
Malaysia,2020,82,5.3843,1.1684216,1.1740023,0.7885119,0.59694153,0.27488616,0.062163133
Vietnam,2020,83,5.3535,0.7180924,1.2530748,0.819134,0.6508356,0.13648872,0.08984846
Indonesia,2020,84,5.2856,0.8917207,1.1548009,0.61043704,0.5681614,0.5426465,0.038278613
Ivory Coast,2020,85,5.2333,0.5370944,0.79972726,0.15494251,0.39712253,0.16991559,0.09349579
Benin,2020,86,5.216,0.3662447,0.35242844,0.32806295,0.4058399,0.19667043,0.12593187
Congo (Brazzaville),2020,88,5.1944,0.63361675,0.757636,0.45810112,0.3865144,0.11721601,0.118670784
Macedonia,2020,90,5.1598,0.935372,1.1831735,0.80299413,0.4102246,0.18586354,0.02459506
Ghana,2020,91,5.148,0.57586247,0.96636796,0.43216226,0.47729006,0.2612912,0.05657038
Nepal,2020,92,5.1372,0.44405037,1.1007893,0.6688794,0.48060825,0.3009718,0.12750296
Turkey,2020,93,5.1318,1.1271693,1.1971592,0.7813353,0.25440076,0.08588557,0.12098324
China,2020,94,5.1239,0.9905334,1.1320807,0.86724854,0.6016051,0.079021044,0.11725555
Bulgaria,2020,96,5.1015,1.0465547,1.4605789,0.7777769,0.41782007,0.10383371,0.0
Morocco,2020,97,5.0948,0.7586221,0.6452085,0.7450969,0.45005414,0.04003255,0.077385604
Cameroon,2020,98,5.0849,0.50395805,0.89972645,0.27018955,0.43924248,0.1980201,0.05439342
Venezuela,2020,99,5.0532,0.77023864,1.3485469,0.76702553,0.27171722,0.087179154,0.06362478
Algeria,2020,100,5.0051,0.943856,1.1430036,0.74541855,0.0839438,0.118915014,0.12919065
Senegal,2020,101,4.9808,0.5040618,0.9545934,0.5183919,0.3524009,0.16439714,0.08186594
Guinea,2020,102,4.9493,0.39000773,0.75136596,0.33365524,0.37187806,0.24949084,0.11220456
Niger,2020,103,4.9096,0.10833033,0.70380014,0.29881635,0.43531162,0.2081769,0.13755476
Albania,2020,105,4.8827,0.90665305,0.8304839,0.8463296,0.4619459,0.17102776,0.025361285
Cambodia,2020,106,4.8484,0.54463494,1.071426,0.58790433,0.67494035,0.23334208,0.0728375
Bangladesh,2020,107,4.8328,0.5561563,0.8688006,0.6949405,0.60413057,0.17674512,0.17673591
Gabon,2020,108,4.8293,0.9880444,1.1063975,0.52257484,0.3694599,0.052013602,0.05580454
South Africa,2020,109,4.8141,0.90214044,1.2590863,0.40703407,0.43478182,0.12640685,0.05950214
Iraq,2020,110,4.7848,0.9820187,1.0114666,0.5293507,0.28358805,0.15300207,0.07316499
Lebanon,2020,111,4.7715,0.8892325,1.1924933,0.78867114,0.18551667,0.15852414,0.021518147
Burkina Faso,2020,112,4.7687,0.30246764,0.9293859,0.31283388,0.32239816,0.18639061,0.12640806
Mali,2020,114,4.7293,0.35246265,0.97314173,0.23498152,0.37753445,0.16966705,0.062146276
Nigeria,2020,115,4.7241,0.64590186,0.98671794,0.16783594,0.43507946,0.22132812,0.047589935
Armenia,2020,116,4.6768,0.8082624,1.0345769,0.77585727,0.3780758,0.10722574,0.104618184
Georgia,2020,117,4.6726,0.84719807,0.7311939,0.6946576,0.4854941,0.047609735,0.17408808
Iran,2020,118,4.6724,1.0293225,0.8862712,0.74905384,0.30119547,0.27697894,0.14265151
Jordan,2020,119,4.6334,0.7851792,1.1401186,0.7776247,0.42485508,0.09149477,0.15187863
Kenya,2020,121,4.583,0.4764134,0.90507776,0.53631276,0.51918054,0.3939021,0.06720108
Ukraine,2020,123,4.5607,0.7804346,1.3213165,0.6986744,0.3194237,0.17855132,0.00965116
Liberia,2020,124,4.5579,0.174103,0.9207339,0.39228427,0.4059431,0.22696787,0.051139876
Palestine,2020,125,4.5528,0.5878192,1.1947556,0.6138266,0.29870075,0.09181626,0.07191365
Uganda,2020,126,4.432,0.31233743,1.0523274,0.37831166,0.40168256,0.26480737,0.06381884
Chad,2020,127,4.4227,0.3022875,0.7391183,0.1087441,0.22860177,0.21080509,0.08575541
Tunisia,2020,128,4.3922,0.8747427,0.8721677,0.7811567,0.23586056,0.055881143,0.043899573
Mauritania,2020,129,4.3746,0.5396849,1.1133236,0.42518482,0.18571448,0.12889966,0.122257635
Sri Lanka,2020,130,4.327,0.89798695,1.1949401,0.7920367,0.52863246,0.25266615,0.049444564
Myanmar,2020,133,4.308,0.67809093,1.0981783,0.49544308,0.59747887,0.5698137,0.18753035
Togo,2020,135,4.1872,0.26811627,0.54762286,0.34273118,0.30353904,0.20077425,0.114826456
Ethiopia,2020,136,4.1862,0.31512564,1.0011033,0.48384625,0.41256687,0.2276981,0.117437035
Madagascar,2020,137,4.1656,0.24455321,0.82369435,0.500617,0.19296755,0.19119006,0.07624864
Egypt,2020,138,4.1514,0.87522894,0.98253953,0.5969113,0.37368473,0.068801254,0.09546179
Sierra Leone,2020,139,3.9264,0.24056038,0.74798495,0.20395397,0.3820277,0.257647,0.047940936
Zambia,2020,141,3.7594,0.53683376,0.8960373,0.36359334,0.49131754,0.2506209,0.08670524
India,2020,144,3.5733,0.73057616,0.64419866,0.54057014,0.58114225,0.23707248,0.10558798
Malawi,2020,145,3.538,0.17653473,0.5303681,0.4461633,0.48738983,0.21318506,0.13163395
Botswana,2020,147,3.4789,0.997549,1.0856948,0.49410173,0.5090894,0.033407487,0.10178637
Tanzania,2020,148,3.4762,0.45716313,0.87267464,0.44267786,0.5093431,0.2715409,0.20388086
Zimbabwe,2020,151,3.2992,0.42556402,1.0478352,0.3750376,0.37740472,0.15134919,0.08092858
Afghanistan,2020,153,2.5669,0.30070585,0.35643384,0.26605153,0.0,0.13523471,0.001225785
Finland,2021,1,7.842,1.446,1.106,0.741,0.691,0.124,0.481
Denmark,2021,2,7.62,1.502,1.108,0.763,0.686,0.208,0.485
Switzerland,2021,3,7.571,1.566,1.079,0.816,0.653,0.204,0.413
Iceland,2021,4,7.554,1.482,1.172,0.772,0.698,0.293,0.17
Netherlands,2021,5,7.464,1.501,1.079,0.753,0.647,0.302,0.384
Norway,2021,6,7.392,1.543,1.108,0.782,0.703,0.249,0.427
Sweden,2021,7,7.363,1.478,1.062,0.763,0.685,0.244,0.448
Luxembourg,2021,8,7.324,1.751,1.003,0.76,0.639,0.166,0.353
New Zealand,2021,9,7.277,1.4,1.094,0.785,0.665,0.276,0.445
Austria,2021,10,7.268,1.492,1.062,0.782,0.64,0.215,0.292
Australia,2021,11,7.183,1.453,1.076,0.801,0.647,0.291,0.317
Israel,2021,12,7.157,1.376,1.074,0.788,0.509,0.208,0.119
Germany,2021,13,7.155,1.48,0.993,0.757,0.6,0.195,0.306
Canada,2021,14,7.103,1.447,1.044,0.798,0.648,0.246,0.335
Ireland,2021,15,7.085,1.644,1.092,0.753,0.606,0.238,0.367
Costa Rica,2021,16,7.069,1.134,0.966,0.722,0.673,0.105,0.083
United Kingdom,2021,17,7.064,1.423,1.062,0.757,0.58,0.34,0.306
Czech Republic,2021,18,6.965,1.37,1.09,0.703,0.58,0.052,0.046
United States,2021,19,6.951,1.533,1.03,0.621,0.554,0.252,0.154
Belgium,2021,20,6.834,1.463,0.998,0.747,0.489,0.088,0.187
France,2021,21,6.69,1.421,1.081,0.804,0.536,0.092,0.235
Bahrain,2021,22,6.647,1.409,0.899,0.662,0.661,0.246,0.139
Malta,2021,23,6.602,1.411,1.055,0.747,0.664,0.275,0.183
Taiwan,2021,24,6.584,1.48,0.982,0.665,0.49,0.142,0.139
United Arab Emirates,2021,25,6.561,1.555,0.86,0.594,0.67,0.236,0.223
Saudi Arabia,2021,26,6.494,1.435,0.964,0.571,0.603,0.09,0.163
Spain,2021,27,6.491,1.375,1.057,0.826,0.462,0.135,0.124
Italy,2021,28,6.483,1.393,0.94,0.798,0.379,0.133,0.047
Slovenia,2021,29,6.461,1.36,1.093,0.722,0.69,0.122,0.085
Guatemala,2021,30,6.435,0.845,0.79,0.519,0.638,0.163,0.105
Uruguay,2021,31,6.431,1.164,1.042,0.649,0.625,0.128,0.223
Singapore,2021,32,6.377,1.695,1.019,0.897,0.664,0.176,0.547
Kosovo,2021,33,6.372,0.937,0.807,0.483,0.593,0.356,0.014
Slovakia,2021,34,6.331,1.304,1.066,0.653,0.468,0.107,0.018
Brazil,2021,35,6.33,1.028,0.944,0.571,0.514,0.142,0.117
Mexico,2021,36,6.317,1.126,0.83,0.634,0.585,0.092,0.089
Jamaica,2021,37,6.309,0.891,0.932,0.599,0.618,0.099,0.035
Lithuania,2021,38,6.255,1.35,1.065,0.612,0.476,0.056,0.073
Cyprus,2021,39,6.223,1.377,0.765,0.801,0.464,0.178,0.061
Estonia,2021,40,6.189,1.344,1.079,0.64,0.641,0.119,0.263
Panama,2021,41,6.18,1.298,0.976,0.667,0.596,0.079,0.053
Uzbekistan,2021,42,6.179,0.769,1.027,0.528,0.716,0.391,0.271
Chile,2021,43,6.172,1.2,0.946,0.678,0.438,0.159,0.07
Poland,2021,44,6.166,1.309,0.982,0.668,0.558,0.08,0.13
Kazakhstan,2021,45,6.152,1.23,1.103,0.527,0.573,0.143,0.132
Romania,2021,46,6.14,1.275,0.832,0.595,0.564,0.045,0.001
Serbia,2021,48,6.078,1.101,0.924,0.634,0.482,0.189,0.066
El Salvador,2021,49,6.061,0.845,0.675,0.565,0.615,0.116,0.16
Mauritius,2021,50,6.049,1.178,0.996,0.574,0.59,0.153,0.096
Latvia,2021,51,6.032,1.285,1.047,0.587,0.405,0.082,0.089
Colombia,2021,52,6.012,1.021,0.866,0.615,0.554,0.1,0.063
Hungary,2021,53,5.992,1.301,1.083,0.615,0.454,0.067,0.04
Thailand,2021,54,5.985,1.107,0.957,0.596,0.611,0.375,0.028
Nicaragua,2021,55,5.972,0.693,0.904,0.604,0.553,0.201,0.176
Japan,2021,56,5.94,1.389,0.949,0.838,0.504,0.02,0.192
Argentina,2021,57,5.929,1.162,0.98,0.646,0.544,0.069,0.067
Portugal,2021,58,5.929,1.323,0.939,0.76,0.621,0.029,0.033
Honduras,2021,59,5.919,0.703,0.787,0.593,0.578,0.241,0.083
Croatia,2021,60,5.882,1.251,1.039,0.703,0.453,0.111,0.0
Philippines,2021,61,5.88,0.853,0.828,0.426,0.651,0.125,0.126
South Korea,2021,62,5.845,1.403,0.758,0.801,0.353,0.134,0.135
Peru,2021,63,5.84,0.986,0.833,0.623,0.536,0.087,0.031
Bosnia and Herzegovina,2021,64,5.813,1.032,0.919,0.618,0.395,0.261,0.005
Moldova,2021,65,5.766,0.985,0.888,0.542,0.536,0.137,0.013
Ecuador,2021,66,5.764,0.935,0.806,0.64,0.56,0.107,0.062
Kyrgyzstan,2021,67,5.744,0.665,0.971,0.501,0.673,0.266,0.02
Greece,2021,68,5.723,1.273,0.811,0.76,0.243,0.0,0.074
Bolivia,2021,69,5.716,0.842,0.782,0.486,0.6,0.138,0.064
Mongolia,2021,70,5.677,0.966,1.065,0.442,0.397,0.263,0.053
Paraguay,2021,71,5.653,0.983,0.97,0.549,0.602,0.206,0.037
Montenegro,2021,72,5.581,1.155,0.891,0.637,0.397,0.166,0.081
Dominican Republic,2021,73,5.545,1.106,0.879,0.555,0.581,0.101,0.144
Russia,2021,76,5.477,1.241,0.992,0.511,0.409,0.115,0.06
Hong Kong,2021,77,5.477,1.525,0.841,0.893,0.408,0.232,0.342
Tajikistan,2021,78,5.466,0.508,0.895,0.498,0.548,0.152,0.247
Vietnam,2021,79,5.411,0.817,0.873,0.616,0.679,0.124,0.091
Malaysia,2021,81,5.384,1.259,0.797,0.587,0.624,0.27,0.064
Indonesia,2021,82,5.345,0.954,0.786,0.433,0.598,0.541,0.046
Congo (Brazzaville),2021,83,5.342,0.518,0.392,0.307,0.381,0.144,0.124
China,2021,84,5.339,1.061,0.785,0.665,0.636,0.093,0.117
Ivory Coast,2021,85,5.306,0.669,0.409,0.052,0.438,0.177,0.092
Armenia,2021,86,5.283,0.996,0.758,0.585,0.54,0.079,0.198
Nepal,2021,87,5.269,0.519,0.702,0.496,0.488,0.287,0.135
Bulgaria,2021,88,5.266,1.181,1.055,0.583,0.494,0.125,0.005
Cameroon,2021,91,5.142,0.543,0.556,0.159,0.425,0.205,0.058
Senegal,2021,92,5.132,0.518,0.558,0.357,0.381,0.158,0.088
Albania,2021,93,5.117,1.008,0.529,0.646,0.491,0.168,0.024
Macedonia,2021,94,5.101,1.068,0.772,0.535,0.45,0.212,0.022
Ghana,2021,95,5.088,0.68,0.595,0.287,0.517,0.268,0.058
Niger,2021,96,5.074,0.162,0.402,0.167,0.516,0.2,0.157
Benin,2021,99,5.045,0.507,0.058,0.196,0.457,0.166,0.178
Bangladesh,2021,101,5.025,0.635,0.52,0.514,0.603,0.161,0.164
Guinea,2021,102,4.984,0.42,0.399,0.206,0.384,0.25,0.111
South Africa,2021,103,4.956,0.967,0.895,0.265,0.447,0.144,0.051
Turkey,2021,104,4.948,1.26,0.809,0.59,0.236,0.097,0.104
Pakistan,2021,105,4.934,0.637,0.423,0.322,0.418,0.252,0.097
Morocco,2021,106,4.918,0.792,0.219,0.558,0.477,0.034,0.088
Venezuela,2021,107,4.892,0.852,0.897,0.574,0.284,0.078,0.072
Georgia,2021,108,4.891,1.03,0.47,0.498,0.488,0.032,0.181
Algeria,2021,109,4.887,0.946,0.765,0.552,0.119,0.144,0.12
Ukraine,2021,110,4.875,0.979,0.958,0.517,0.417,0.181,0.01
Iraq,2021,111,4.854,0.91,0.638,0.381,0.302,0.153,0.041
Gabon,2021,112,4.852,1.037,0.707,0.362,0.424,0.058,0.064
Burkina Faso,2021,113,4.834,0.364,0.472,0.179,0.381,0.182,0.122
Cambodia,2021,114,4.83,0.603,0.68,0.426,0.702,0.21,0.061
Nigeria,2021,116,4.759,0.663,0.625,0.051,0.433,0.212,0.039
Mali,2021,117,4.723,0.387,0.59,0.11,0.384,0.164,0.072
Iran,2021,118,4.721,1.03,0.557,0.561,0.275,0.33,0.144
Uganda,2021,119,4.636,0.364,0.718,0.24,0.398,0.267,0.054
Liberia,2021,120,4.625,0.228,0.58,0.253,0.43,0.221,0.057
Kenya,2021,121,4.607,0.603,0.508,0.385,0.483,0.375,0.073
Tunisia,2021,122,4.596,0.919,0.515,0.59,0.334,0.057,0.044
Lebanon,2021,123,4.584,1.045,0.868,0.595,0.175,0.14,0.026
Palestine,2021,125,4.517,0.646,0.819,0.434,0.33,0.082,0.075
Myanmar,2021,126,4.426,0.666,0.713,0.341,0.601,0.52,0.178
Jordan,2021,127,4.395,0.89,0.685,0.583,0.455,0.079,0.15
Chad,2021,128,4.355,0.255,0.353,0.0,0.24,0.215,0.084
Sri Lanka,2021,129,4.325,0.99,0.82,0.593,0.559,0.239,0.049
Egypt,2021,132,4.283,0.954,0.647,0.426,0.446,0.069,0.092
Ethiopia,2021,133,4.275,0.37,0.679,0.331,0.451,0.241,0.114
Mauritania,2021,134,4.227,0.666,0.749,0.273,0.218,0.119,0.133
Madagascar,2021,135,4.208,0.266,0.503,0.341,0.207,0.185,0.087
Togo,2021,136,4.107,0.254,0.239,0.203,0.289,0.209,0.107
Zambia,2021,137,4.073,0.528,0.552,0.231,0.487,0.227,0.074
Sierra Leone,2021,138,3.849,0.279,0.377,0.1,0.408,0.243,0.047
India,2021,139,3.819,0.741,0.316,0.383,0.622,0.246,0.106
Tanzania,2021,142,3.623,0.433,0.54,0.3,0.549,0.307,0.231
Malawi,2021,144,3.6,0.113,0.168,0.298,0.484,0.213,0.134
Botswana,2021,146,3.467,1.099,0.724,0.34,0.539,0.027,0.088
Zimbabwe,2021,148,3.145,0.457,0.649,0.243,0.359,0.157,0.075
Afghanistan,2021,149,2.523,0.37,0.0,0.126,0.0,0.122,0.01
Finland,2022,1,7.821,1.892,1.258,0.775,0.736,0.109,0.534
Denmark,2022,2,7.636,1.953,1.243,0.777,0.719,0.188,0.532
Iceland,2022,3,7.557,1.936,1.32,0.803,0.718,0.27,0.191
Switzerland,2022,4,7.512,2.026,1.226,0.822,0.677,0.147,0.461
Netherlands,2022,5,7.415,1.945,1.206,0.787,0.651,0.271,0.419
Luxembourg,2022,6,7.404,2.209,1.155,0.79,0.7,0.12,0.388
Sweden,2022,7,7.384,1.92,1.204,0.803,0.724,0.218,0.512
Norway,2022,8,7.365,1.997,1.239,0.786,0.728,0.217,0.474
Israel,2022,9,7.364,1.826,1.221,0.818,0.568,0.155,0.143
New Zealand,2022,10,7.2,1.852,1.235,0.752,0.68,0.245,0.483
Austria,2022,11,7.163,1.931,1.165,0.774,0.623,0.193,0.329
Australia,2022,12,7.162,1.9,1.203,0.772,0.676,0.258,0.341
Ireland,2022,13,7.041,2.129,1.166,0.779,0.627,0.19,0.408
Germany,2022,14,7.034,1.924,1.088,0.776,0.585,0.163,0.358
Canada,2022,15,7.025,1.886,1.188,0.783,0.659,0.217,0.368
United States,2022,16,6.977,1.982,1.182,0.628,0.574,0.22,0.177
United Kingdom,2022,17,6.943,1.867,1.143,0.75,0.597,0.289,0.329
Czech Republic,2022,18,6.92,1.815,1.26,0.715,0.66,0.158,0.048
Belgium,2022,19,6.805,1.907,1.106,0.764,0.492,0.049,0.204
France,2022,20,6.687,1.863,1.219,0.808,0.567,0.07,0.266
Bahrain,2022,21,6.647,1.854,1.029,0.625,0.693,0.199,0.155
Slovenia,2022,22,6.63,1.81,1.249,0.769,0.685,0.118,0.115
Costa Rica,2022,23,6.582,1.584,1.054,0.744,0.661,0.089,0.102
United Arab Emirates,2022,24,6.576,1.998,0.98,0.633,0.702,0.204,0.25
Saudi Arabia,2022,25,6.523,1.87,1.092,0.577,0.651,0.078,0.18
Taiwan,2022,26,6.512,1.897,1.095,0.733,0.542,0.075,0.168
Singapore,2022,27,6.48,2.149,1.127,0.851,0.672,0.163,0.587
Romania,2022,28,6.477,1.719,1.006,0.655,0.605,0.039,0.006
Spain,2022,29,6.476,1.808,1.211,0.808,0.505,0.101,0.149
Uruguay,2022,30,6.474,1.615,1.18,0.672,0.665,0.103,0.265
Italy,2022,31,6.467,1.834,1.052,0.801,0.412,0.085,0.059
Kosovo,2022,32,6.455,1.362,0.949,0.569,0.599,0.309,0.035
Malta,2022,33,6.447,1.838,1.169,0.789,0.679,0.174,0.166
Lithuania,2022,34,6.446,1.804,1.204,0.659,0.496,0.053,0.077
Slovakia,2022,35,6.391,1.736,1.232,0.707,0.479,0.118,0.025
Estonia,2022,36,6.341,1.793,1.232,0.728,0.689,0.123,0.333
Panama,2022,37,6.309,1.715,1.107,0.709,0.592,0.049,0.051
Brazil,2022,38,6.293,1.462,1.044,0.615,0.546,0.131,0.134
Guatemala,2022,39,6.262,1.274,0.831,0.522,0.662,0.112,0.115
Kazakhstan,2022,40,6.234,1.668,1.22,0.611,0.584,0.134,0.157
Cyprus,2022,41,6.221,1.815,0.909,0.819,0.448,0.123,0.062
Latvia,2022,42,6.18,1.732,1.221,0.637,0.502,0.075,0.09
Serbia,2022,43,6.178,1.55,1.086,0.658,0.546,0.219,0.088
Chile,2022,44,6.172,1.651,1.08,0.748,0.46,0.124,0.069
Nicaragua,2022,45,6.165,1.105,1.029,0.617,0.617,0.168,0.212
Mexico,2022,46,6.128,1.552,0.886,0.623,0.621,0.092,0.115
Croatia,2022,47,6.125,1.705,1.183,0.709,0.535,0.109,0.0
Poland,2022,48,6.123,1.758,1.174,0.712,0.523,0.124,0.14
El Salvador,2022,49,6.12,1.265,0.768,0.607,0.666,0.089,0.212
Hungary,2022,51,6.086,1.748,1.233,0.668,0.485,0.078,0.064
Mauritius,2022,52,6.071,1.591,1.116,0.568,0.589,0.131,0.107
Uzbekistan,2022,53,6.063,1.219,1.092,0.6,0.716,0.283,0.24
Japan,2022,54,6.039,1.835,1.089,0.866,0.537,0.007,0.218
Honduras,2022,55,6.022,1.111,0.885,0.555,0.582,0.202,0.076
Portugal,2022,56,6.016,1.76,1.078,0.777,0.655,0.016,0.039
Argentina,2022,57,5.967,1.592,1.102,0.662,0.555,0.081,0.085
Greece,2022,58,5.948,1.703,0.98,0.774,0.249,0.015,0.108
South Korea,2022,59,5.935,1.851,0.886,0.841,0.414,0.111,0.176
Philippines,2022,60,5.904,1.268,0.912,0.514,0.678,0.107,0.142
Thailand,2022,61,5.891,1.535,1.096,0.697,0.617,0.321,0.026
Moldova,2022,62,5.857,1.417,1.008,0.597,0.561,0.102,0.028
Jamaica,2022,63,5.85,1.296,1.045,0.646,0.567,0.08,0.053
Kyrgyzstan,2022,64,5.828,1.069,1.109,0.638,0.693,0.208,0.025
Colombia,2022,66,5.781,1.452,0.929,0.72,0.545,0.087,0.077
Bosnia and Herzegovina,2022,67,5.768,1.468,1.068,0.665,0.448,0.244,0.006
Mongolia,2022,68,5.761,1.393,1.197,0.467,0.398,0.247,0.059
Dominican Republic,2022,69,5.737,1.538,1.003,0.577,0.606,0.084,0.179
Malaysia,2022,70,5.711,1.689,0.938,0.62,0.654,0.213,0.126
Bolivia,2022,71,5.6,1.256,0.88,0.555,0.627,0.112,0.064
China,2022,72,5.585,1.508,0.958,0.705,0.656,0.099,0.142
Paraguay,2022,73,5.578,1.409,1.13,0.624,0.629,0.171,0.059
Peru,2022,74,5.559,1.397,0.865,0.735,0.545,0.09,0.037
Montenegro,2022,75,5.547,1.573,1.023,0.659,0.46,0.135,0.077
Ecuador,2022,76,5.533,1.352,0.879,0.708,0.565,0.08,0.083
Vietnam,2022,77,5.485,1.252,0.932,0.611,0.707,0.143,0.105
Russia,2022,80,5.459,1.685,1.095,0.586,0.401,0.117,0.08
Hong Kong,2022,81,5.425,1.957,0.954,0.942,0.4,0.147,0.383
Armenia,2022,82,5.399,1.434,0.82,0.668,0.558,0.054,0.21
Tajikistan,2022,83,5.377,0.966,1.005,0.518,0.572,0.118,0.304
Nepal,2022,84,5.377,0.984,0.784,0.499,0.519,0.237,0.13
Bulgaria,2022,85,5.371,1.625,1.163,0.64,0.563,0.123,0.021
Indonesia,2022,87,5.24,1.382,0.883,0.539,0.62,0.468,0.047
Ivory Coast,2022,88,5.235,1.094,0.442,0.322,0.451,0.149,0.124
Macedonia,2022,89,5.199,1.505,0.863,0.637,0.488,0.215,0.031
Albania,2022,90,5.199,1.439,0.646,0.719,0.511,0.138,0.028
South Africa,2022,91,5.194,1.425,1.088,0.361,0.442,0.089,0.046
Bangladesh,2022,94,5.155,1.06,0.614,0.581,0.622,0.125,0.187
Algeria,2022,96,5.122,1.363,0.97,0.643,0.146,0.106,0.15
Liberia,2022,97,5.122,0.636,0.67,0.309,0.405,0.178,0.08
Ukraine,2022,98,5.084,1.411,1.081,0.583,0.473,0.188,0.017
Congo (Brazzaville),2022,99,5.075,0.95,0.405,0.355,0.431,0.13,0.146
Morocco,2022,100,5.06,1.208,0.268,0.565,0.492,0.02,0.102
Cameroon,2022,102,5.048,0.968,0.672,0.317,0.397,0.152,0.074
Senegal,2022,103,5.046,0.933,0.53,0.447,0.494,0.143,0.081
Niger,2022,104,5.003,0.57,0.56,0.326,0.571,0.165,0.145
Georgia,2022,105,4.973,1.467,0.612,0.595,0.508,0.0,0.208
Gabon,2022,106,4.958,1.459,0.738,0.396,0.343,0.032,0.099
Iraq,2022,107,4.941,1.289,0.682,0.554,0.328,0.147,0.046
Venezuela,2022,108,4.925,0.0,0.968,0.578,0.283,0.225,0.082
Guinea,2022,109,4.891,0.848,0.566,0.275,0.334,0.214,0.116
Iran,2022,110,4.888,1.41,0.741,0.642,0.281,0.241,0.146
Ghana,2022,111,4.872,1.112,0.595,0.409,0.5,0.23,0.056
Turkey,2022,112,4.744,1.707,0.865,0.702,0.209,0.087,0.115
Burkina Faso,2022,113,4.67,0.779,0.565,0.32,0.382,0.186,0.126
Cambodia,2022,114,4.64,1.019,0.732,0.505,0.74,0.166,0.068
Benin,2022,115,4.623,0.932,0.064,0.335,0.479,0.127,0.23
Uganda,2022,117,4.603,0.777,0.875,0.418,0.402,0.222,0.066
Nigeria,2022,118,4.552,1.079,0.732,0.3,0.444,0.175,0.038
Kenya,2022,119,4.543,1.032,0.605,0.401,0.44,0.322,0.082
Tunisia,2022,120,4.516,1.35,0.596,0.656,0.316,0.029,0.029
Pakistan,2022,121,4.516,1.049,0.413,0.374,0.448,0.181,0.112
Palestine,2022,122,4.483,1.148,0.957,0.521,0.336,0.073,0.079
Mali,2022,123,4.479,0.792,0.483,0.311,0.35,0.128,0.042
Myanmar,2022,126,4.394,1.038,0.829,0.491,0.513,0.452,0.194
Sri Lanka,2022,127,4.362,1.415,0.934,0.66,0.529,0.15,0.079
Madagascar,2022,128,4.339,0.67,0.645,0.378,0.202,0.143,0.154
Egypt,2022,129,4.288,1.388,0.732,0.548,0.469,0.041,0.254
Chad,2022,130,4.251,0.662,0.506,0.225,0.18,0.182,0.077
Ethiopia,2022,131,4.241,0.788,0.809,0.457,0.472,0.205,0.136
Mauritania,2022,133,4.153,1.1,0.865,0.45,0.304,0.088,0.138
Jordan,2022,134,4.152,1.324,0.724,0.675,0.476,0.058,0.2
Togo,2022,135,4.112,0.771,0.322,0.36,0.292,0.174,0.132
India,2022,136,3.777,1.167,0.376,0.471,0.647,0.198,0.123
Zambia,2022,137,3.76,0.93,0.577,0.306,0.525,0.203,0.083
Malawi,2022,138,3.75,0.648,0.279,0.388,0.477,0.14,0.157
Tanzania,2022,139,3.702,0.848,0.597,0.425,0.578,0.248,0.27
Sierra Leone,2022,140,3.574,0.686,0.416,0.273,0.387,0.202,0.055
Botswana,2022,142,3.471,1.503,0.815,0.28,0.571,0.012,0.102
Zimbabwe,2022,144,2.995,0.947,0.69,0.27,0.329,0.106,0.105
Lebanon,2022,145,2.955,1.392,0.498,0.631,0.103,0.082,0.034
Afghanistan,2022,146,2.404,0.758,0.0,0.289,0.0,0.089,0.005
Finland,2023,1,7.804,1.888,1.585,0.535,0.772,0.126,0.535
Denmark,2023,2,7.586,1.949,1.548,0.537,0.734,0.208,0.525
Iceland,2023,3,7.53,1.926,1.62,0.559,0.738,0.25,0.187
Israel,2023,4,7.473,1.833,1.521,0.577,0.569,0.124,0.158
Netherlands,2023,5,7.403,1.942,1.488,0.545,0.672,0.251,0.394
Sweden,2023,6,7.395,1.921,1.51,0.562,0.754,0.225,0.52
Norway,2023,7,7.315,1.994,1.521,0.544,0.752,0.212,0.463
Switzerland,2023,8,7.24,2.022,1.463,0.582,0.678,0.151,0.475
Luxembourg,2023,9,7.228,2.2,1.357,0.549,0.71,0.149,0.418
New Zealand,2023,10,7.123,1.842,1.544,0.513,0.672,0.23,0.471
Austria,2023,11,7.097,1.927,1.382,0.535,0.63,0.191,0.31
Australia,2023,12,7.095,1.899,1.497,0.532,0.677,0.242,0.31
Canada,2023,13,6.961,1.881,1.484,0.541,0.656,0.218,0.364
Ireland,2023,14,6.911,2.152,1.425,0.539,0.656,0.186,0.409
United States,2023,15,6.894,1.98,1.46,0.39,0.557,0.21,0.172
Germany,2023,16,6.892,1.919,1.401,0.539,0.618,0.153,0.365
Belgium,2023,17,6.859,1.907,1.449,0.528,0.59,0.137,0.273
Czech Republic,2023,18,6.845,1.823,1.544,0.477,0.693,0.158,0.05
United Kingdom,2023,19,6.796,1.857,1.366,0.511,0.626,0.272,0.34
Lithuania,2023,20,6.763,1.808,1.511,0.432,0.487,0.059,0.089
France,2023,21,6.661,1.856,1.433,0.566,0.582,0.083,0.27
Slovenia,2023,22,6.65,1.815,1.539,0.532,0.707,0.144,0.113
Costa Rica,2023,23,6.609,1.587,1.34,0.503,0.683,0.099,0.116
Romania,2023,24,6.589,1.726,1.28,0.423,0.631,0.044,0.0
Singapore,2023,25,6.587,2.168,1.354,0.607,0.66,0.17,0.561
United Arab Emirates,2023,26,6.571,2.015,1.223,0.401,0.745,0.188,0.247
Taiwan,2023,27,6.535,1.89,1.372,0.492,0.562,0.067,0.178
Uruguay,2023,28,6.494,1.617,1.445,0.435,0.683,0.102,0.254
Slovakia,2023,29,6.469,1.731,1.544,0.472,0.494,0.128,0.022
Saudi Arabia,2023,30,6.463,1.861,1.37,0.351,0.682,0.093,0.17
Estonia,2023,31,6.455,1.798,1.526,0.494,0.728,0.153,0.372
Spain,2023,32,6.436,1.798,1.491,0.567,0.533,0.101,0.157
Italy,2023,33,6.405,1.832,1.365,0.559,0.438,0.097,0.063
Kosovo,2023,34,6.368,1.374,1.269,0.372,0.639,0.275,0.045
Chile,2023,35,6.334,1.645,1.384,0.511,0.546,0.131,0.076
Mexico,2023,36,6.33,1.55,1.169,0.389,0.632,0.086,0.115
Malta,2023,37,6.3,1.841,1.468,0.547,0.671,0.2,0.143
Panama,2023,38,6.265,1.714,1.402,0.475,0.63,0.065,0.036
Poland,2023,39,6.26,1.767,1.474,0.477,0.511,0.12,0.139
Nicaragua,2023,40,6.259,1.109,1.292,0.385,0.66,0.148,0.218
Latvia,2023,41,6.213,1.737,1.505,0.405,0.58,0.107,0.071
Bahrain,2023,42,6.173,1.883,1.269,0.389,0.748,0.199,0.138
Guatemala,2023,43,6.15,1.287,1.188,0.31,0.631,0.106,0.066
Kazakhstan,2023,44,6.144,1.664,1.491,0.389,0.628,0.136,0.149
Serbia,2023,45,6.144,1.552,1.343,0.424,0.617,0.246,0.081
Cyprus,2023,46,6.13,1.824,1.224,0.58,0.455,0.104,0.05
Japan,2023,47,6.129,1.825,1.396,0.622,0.556,0.009,0.207
Croatia,2023,48,6.125,1.727,1.455,0.475,0.5,0.087,0.003
Brazil,2023,49,6.125,1.454,1.25,0.387,0.558,0.131,0.137
El Salvador,2023,50,6.122,1.278,1.044,0.383,0.713,0.079,0.222
Hungary,2023,51,6.041,1.754,1.519,0.435,0.501,0.105,0.065
Argentina,2023,52,6.024,1.59,1.388,0.427,0.587,0.088,0.082
Honduras,2023,53,6.023,1.115,1.072,0.341,0.613,0.189,0.062
Uzbekistan,2023,54,6.014,1.227,1.347,0.375,0.74,0.26,0.208
Malaysia,2023,55,6.012,1.665,1.155,0.385,0.659,0.222,0.122
Portugal,2023,56,5.968,1.758,1.356,0.537,0.693,0.031,0.037
South Korea,2023,57,5.951,1.853,1.188,0.603,0.446,0.112,0.163
Greece,2023,58,5.931,1.708,1.247,0.535,0.248,0.008,0.097
Mauritius,2023,59,5.902,1.589,1.382,0.336,0.574,0.121,0.11
Thailand,2023,60,5.843,1.515,1.344,0.461,0.624,0.291,0.013
Mongolia,2023,61,5.84,1.379,1.494,0.244,0.425,0.239,0.058
Kyrgyzstan,2023,62,5.825,1.061,1.439,0.417,0.735,0.234,0.018
Moldova,2023,63,5.819,1.425,1.302,0.375,0.61,0.093,0.02
China,2023,64,5.818,1.51,1.249,0.468,0.666,0.115,0.145
Vietnam,2023,65,5.763,1.349,1.212,0.381,0.741,0.134,0.122
Paraguay,2023,66,5.738,1.428,1.427,0.392,0.678,0.148,0.062
Montenegro,2023,67,5.722,1.537,1.385,0.424,0.563,0.17,0.061
Jamaica,2023,68,5.703,1.305,1.329,0.411,0.587,0.079,0.039
Bolivia,2023,69,5.684,1.24,1.187,0.329,0.648,0.103,0.06
Russia,2023,70,5.661,1.68,1.383,0.366,0.449,0.12,0.091
Bosnia and Herzegovina,2023,71,5.633,1.467,1.361,0.429,0.485,0.247,0.008
Colombia,2023,72,5.63,1.455,1.213,0.486,0.562,0.08,0.068
Dominican Republic,2023,73,5.569,1.536,1.227,0.351,0.623,0.083,0.195
Ecuador,2023,74,5.559,1.343,1.173,0.476,0.56,0.079,0.069
Peru,2023,75,5.526,1.39,1.153,0.499,0.549,0.073,0.027
Philippines,2023,76,5.523,1.238,1.108,0.286,0.714,0.104,0.141
Bulgaria,2023,77,5.466,1.635,1.457,0.408,0.557,0.106,0.013
Nepal,2023,78,5.36,0.979,1.027,0.281,0.567,0.215,0.104
Armenia,2023,79,5.342,1.466,1.134,0.443,0.551,0.053,0.16
Tajikistan,2023,80,5.33,0.972,1.248,0.291,0.599,0.104,0.292
Algeria,2023,81,5.329,1.353,1.298,0.409,0.252,0.073,0.152
Hong Kong,2023,82,5.308,1.951,1.201,0.702,0.407,0.123,0.39
Albania,2023,83,5.277,1.449,0.951,0.48,0.549,0.133,0.037
Indonesia,2023,84,5.277,1.384,1.169,0.314,0.663,0.422,0.038
South Africa,2023,85,5.275,1.417,1.428,0.149,0.464,0.09,0.019
Congo (Brazzaville),2023,86,5.267,0.921,0.665,0.145,0.464,0.134,0.136
Macedonia,2023,87,5.254,1.498,1.171,0.408,0.515,0.207,0.02
Venezuela,2023,88,5.211,0.0,1.257,0.341,0.369,0.205,0.084
Georgia,2023,90,5.109,1.477,0.947,0.366,0.539,0.0,0.201
Guinea,2023,91,5.072,0.844,0.776,0.072,0.369,0.204,0.102
Ukraine,2023,92,5.071,1.358,1.354,0.355,0.551,0.265,0.016
Ivory Coast,2023,93,5.053,1.094,0.584,0.12,0.467,0.138,0.131
Gabon,2023,94,5.035,1.438,1.021,0.183,0.346,0.036,0.102
Nigeria,2023,95,4.981,1.065,1.007,0.092,0.448,0.176,0.013
Cameroon,2023,96,4.973,0.965,0.871,0.118,0.405,0.144,0.059
Iraq,2023,98,4.941,1.281,0.953,0.324,0.351,0.134,0.038
Palestine,2023,99,4.908,1.144,1.309,0.5269394,0.416,0.065,0.067
Morocco,2023,100,4.903,1.236,0.535,0.337,0.54,0.013,0.085
Iran,2023,101,4.876,1.465,1.102,0.411,0.281,0.229,0.13
Senegal,2023,102,4.855,0.943,0.727,0.231,0.519,0.142,0.06
Mauritania,2023,103,4.724,1.099,0.764,0.244,0.32,0.13,0.195
Burkina Faso,2023,104,4.638,0.768,0.814,0.107,0.419,0.188,0.113
Turkey,2023,106,4.614,1.714,1.148,0.467,0.125,0.095,0.096
Ghana,2023,107,4.605,1.101,0.756,0.197,0.526,0.211,0.035
Pakistan,2023,108,4.555,1.081,0.657,0.158,0.511,0.141,0.102
Niger,2023,109,4.501,0.561,0.628,0.137,0.54,0.154,0.14
Tunisia,2023,110,4.497,1.333,0.981,0.422,0.259,0.022,0.016
Kenya,2023,111,4.487,1.051,0.881,0.19,0.418,0.291,0.055
Sri Lanka,2023,112,4.442,1.422,1.224,0.426,0.539,0.12,0.086
Uganda,2023,113,4.432,0.785,1.144,0.201,0.425,0.197,0.051
Chad,2023,114,4.397,0.622,0.962,0.043,0.393,0.255,0.088
Cambodia,2023,115,4.393,1.025,1.024,0.283,0.768,0.176,0.051
Benin,2023,116,4.374,0.924,0.242,0.124,0.481,0.114,0.253
Myanmar,2023,117,4.372,1.032,1.125,0.269,0.46,0.4,0.194
Bangladesh,2023,118,4.282,1.133,0.513,0.355,0.617,0.139,0.165
Mali,2023,120,4.198,0.763,0.637,0.106,0.441,0.121,0.059
Egypt,2023,121,4.17,1.377,0.972,0.326,0.467,0.038,0.25
Togo,2023,122,4.137,0.77,0.642,0.161,0.367,0.149,0.136
Jordan,2023,123,4.12,1.292,0.98,0.438,0.517,0.056,0.173
Ethiopia,2023,124,4.091,0.793,1.114,0.25,0.451,0.283,0.101
Liberia,2023,125,4.042,0.628,0.644,0.141,0.471,0.219,0.071
India,2023,126,4.036,1.159,0.674,0.252,0.685,0.175,0.111
Madagascar,2023,127,4.019,0.632,0.779,0.178,0.187,0.177,0.134
Zambia,2023,128,3.982,0.914,0.89,0.095,0.545,0.189,0.08
Tanzania,2023,129,3.694,0.836,0.787,0.214,0.607,0.234,0.269
Malawi,2023,131,3.495,0.637,0.479,0.189,0.49,0.139,0.129
Botswana,2023,132,3.435,1.471,1.041,0.087,0.48,0.021,0.071
Zimbabwe,2023,134,3.204,0.758,0.881,0.069,0.363,0.112,0.117
Sierra Leone,2023,135,3.138,0.67,0.54,0.092,0.371,0.193,0.051
Lebanon,2023,136,2.392,1.417,0.476,0.398,0.123,0.061,0.027
Afghanistan,2023,137,1.859,0.645,0.0,0.087,0.0,0.093,0.059
